,shortcode,caption,likes,comments,timestamp,owner_username,owner_id,video_view_count,is_video,location,caption_hashtags,caption_mentions
0,CovPn7KOSSU,"Fala, devs, blz? ğŸ“¢âœ¨

Sabia que saber programar Ã© uma habilidade cada vez mais importante nos dias de hoje? ğŸ’­ A programaÃ§Ã£o estÃ¡ presente em diversas Ã¡reas e pode nos trazer muitos benefÃ­cios, sejam eles acadÃªmicos, profissionais ou pessoais. ğŸ‘¨â€ğŸ’»

ğŸ‘‰ Ã‰ com esse pensamento que surge o FEA.dev. Somos a primeira entidade estudantil de programaÃ§Ã£o da FEA-USP e temos a missÃ£o de unir o mundo dos negÃ³cios com o universo da programaÃ§Ã£o ğŸ¤. Dessa forma, buscamos desenvolver nossos membros, compartilhar conhecimento e garantir o funcionamento da entidade atuando a partir de Ã¡reas administrativas e grupos de estudo.

Curtiu? EntÃ£o, confira mais detalhes sobre a entidade no nosso post e nos acompanhe em outras redes sociais tambÃ©m. Junte-se a nÃ³s e venha aprender e crescer conosco! ğŸš€ğŸ‘¨â€ğŸ“ğŸ‘©â€ğŸ“ 
.
.
#FEAdev #USP #programaÃ§Ã£o #tecnologia #negÃ³cios #python #computaÃ§Ã£o",83,11,2023-02-16 21:22:04,fea.dev,32518466002,,False,,"['feadev', 'usp', 'programaÃ§Ã£o', 'tecnologia', 'negÃ³cios', 'python', 'computaÃ§Ã£o']",[]
1,CpI-sE9DvB5,"Fala, devs, beleza? ğŸ“¢âœ¨

A partir do dia 8 de marÃ§o, as inscriÃ§Ãµes para o processo seletivo 2023.1 serÃ£o abertas! Venha conhecer um pouco mais sobre a entidade e como participar dela! ğŸ’›ğŸ–¤

Qualquer dÃºvida Ã© sÃ³ escrever nos comentÃ¡rios ou nos mandar na dm ğŸ“
.
.
.
.
#feadev #feausp #usp #programacao #python #computacao",31,7,2023-02-26 21:15:51,fea.dev,32518466002,282.0,True,,"['feadev', 'feausp', 'usp', 'programacao', 'python', 'computacao']",[]
2,Co-rANBjTDC,"Fala, devs, beleza?! ğŸ“¢âœ¨

Hoje, seguindo no nosso quarto Dev.reels, vamos falar sobre a biblioteca NBAFLOW e suas possibilidades!! Nosso querido @maxjuan_mj veio introduzir e apresentar como funciona na prÃ¡tica essa biblioteca que ganhou tanta repercussÃ£o apÃ³s LeBron James quebrar mais um recorde!!

Quer ver mais vÃ­deos como esse? 
NÃ£o se esqueÃ§a de curtir, comentar e compartilhar!!! 

Manda esse vÃ­deo pra aquele seu amigo que ama basquete ğŸ€

#feadev #usp #programaÃ§Ã£o #programador #tecnologia #desenvolvedor #computaÃ§Ã£o #python #nba #nbabrasil",94,17,2023-02-22 21:12:16,fea.dev,32518466002,707.0,True,,"['feadev', 'usp', 'programaÃ§Ã£o', 'programador', 'tecnologia', 'desenvolvedor', 'computaÃ§Ã£o', 'python', 'nba', 'nbabrasil']",['maxjuan_mj']
3,CoiT-JdDwEH,"Fala, devs, blz?âœ¨ğŸ“¢

Em nosso terceiro post do Dev.reels, a @kaka_artilha, que Ã© do grupo de estudos The Office, vai mostrar os 5 melhores atalhos do Excel.

Curtam o vÃ­deo, compartilhem com o amigo e bora aprender!ğŸ’›ğŸ–¤ğŸ’›

#feadev #usp #programaÃ§Ã£o #programador #desenvolvedor #excel #tecnologia #computaÃ§Ã£o  #atalhos #planilha #atalhosexcel #fea #atalho #atalhosdoexcel #shortcut",69,12,2023-02-11 20:51:35,fea.dev,32518466002,537.0,True,,"['feadev', 'usp', 'programaÃ§Ã£o', 'programador', 'desenvolvedor', 'excel', 'tecnologia', 'computaÃ§Ã£o', 'atalhos', 'planilha', 'atalhosexcel', 'fea', 'atalho', 'atalhosdoexcel', 'shortcut']",['kaka_artilha']
4,Cofx-01OciR,"Fala, devs, blz?âœ¨ğŸ“¢

Depois de semanas de curso de Python ğŸ, projetinhos e entrevistas, Ã© com muito orgulho que apresentamos a vocÃªs os novos membros ğŸ¥º da @fea.dev ğŸ’›ğŸ–¤

ğŸ‘‰ Dev bixos, estamos muitos ansiosos para ver vocÃªs aprendendo junto com a entidade! Sejam muito bem-vindos!!! âœ¨

Agradecemos a todos que concluÃ­ram o curso de Python e participaram do processo seletivo!!! Fiquem ligados que daqui a pouco tem mais ğŸ‘€",107,13,2023-02-10 21:14:26,fea.dev,32518466002,,False,,[],['fea.dev']
5,CoIlAQgOiPq,"ğŸ›ï¸ GestÃ£o FEA.dev 2023.1ğŸ›ï¸

Apresentamos a vocÃªs a nova gestÃ£o!! A dedicaÃ§Ã£o e vontade de fazer acontecer Ã© nÃ­tida em suas propostas, sempre com o objetivo de difundir ainda mais o conhecimento de programaÃ§Ã£o 

A passagem de bastÃ£o foi feita nesse sÃ¡bado, dia 28.01.2023, no espaÃ§o do Cosmos, no prÃ©dio InovaUsp e foi super emocionante!ğŸ¥¹ğŸ’›ğŸ–¤

Desejamos boa sorte aos novos diretores e que venha mais um semestre lindo para o FEA.dev ğŸ’›ğŸ–¤âœ¨",134,16,2023-02-01 20:58:30,fea.dev,32518466002,,False,,[],[]
6,Cn0FfxtjgCG,"Fala, devs, blz?ğŸ“¢âœ¨

Dando continuidade Ã  retrospectiva do Curso de Python de 2022, alguns alunos disponibilizaram os seus relatos sobre o curso.

AlÃ©m dos vÃ­deos, diversos alunos enviaram relatos de forma anÃ´nima, nos quais declaravam como o conhecimento em python adquirido no curso foi um fator diferencial no Ã¢mbito acadÃªmico e profissional.ğŸ’›ğŸ–¤ğŸ’›",36,11,2023-01-24 21:58:55,fea.dev,32518466002,326.0,True,,[],[]
7,Cnxby0zuwXm,"Fala, devs, blz?ğŸ“¢âœ¨

Chegou ao fim o nosso Curso de Python de 2022, e com isso, fizemos essa retrospectiva para prestigiar esse projeto maravilhoso.

Ele que foi aberto para toda a USP, contou com mais de 1000 inscritos dos mais variados institutos e cursos. 

Tivemos tambÃ©m a aula magna presencial, realizada no dia 15.09.2022 que foi o maior evento da histÃ³ria do Fea.dev, com mais de 200 pessoas no auditÃ³rio.

AlÃ©m dessas conquistas, conseguimos bons nÃºmeros nas nossas redes sociais, como no Instagram e YouTube.

Assim, somos muito gratos em poder contribuir para os alunos da USP como um todo, tentando disseminar o conhecimento em programaÃ§Ã£o.ğŸ’›ğŸ–¤ğŸ’›ğŸ–¤

#python #feadev #dev #cursodepython",170,6,2023-01-23 21:15:30,fea.dev,32518466002,,False,,"['python', 'feadev', 'dev', 'cursodepython']",[]
8,CnDHZo4hIwR,"Fala, devs, blz?âœ¨ğŸ“¢

Em nosso segundo post do Dev.reels, vamos falar do famoso Excel, a @kaka_artilha vai mostrar o porquÃª que Ã© melhor nÃ³s usarmos o Ã­ndicecorresp do que o Procv.

Curta o vÃ­deo, compartilhe com o amigo e bora aprender!ğŸ’›ğŸ–¤ğŸ’›

#feadev #usp #programaÃ§Ã£o #programador #desenvolvedor #excel #tecnologia #computaÃ§Ã£o  #procv #indicecorresp #indice #corresp #planilha",111,15,2023-01-05 21:33:06,fea.dev,32518466002,1380.0,True,,"['feadev', 'usp', 'programaÃ§Ã£o', 'programador', 'desenvolvedor', 'excel', 'tecnologia', 'computaÃ§Ã£o', 'procv', 'indicecorresp', 'indice', 'corresp', 'planilha']",['kaka_artilha']
9,CmCyxANDfIo,"Fala, devs, blz?âœ¨ğŸ“¢

Em nosso primeiro post do Dev.reels, a @kaka_artilha vai mostrar como extrair dados de fundos imobiliÃ¡rios com Python.

Curta o vÃ­deo, compartilhe com o amigo e bora aprender!ğŸ’›ğŸ–¤ğŸ’›

#feadev #usp #programaÃ§Ã£o #programador #desenvolvedor #logicadeprogramacao #tecnologia #computaÃ§Ã£o  #python #requests",140,17,2022-12-11 22:02:41,fea.dev,32518466002,1374.0,True,,"['feadev', 'usp', 'programaÃ§Ã£o', 'programador', 'desenvolvedor', 'logicadeprogramacao', 'tecnologia', 'computaÃ§Ã£o', 'python', 'requests']",['kaka_artilha']
10,Clj8PtdOByW,"GestÃ£o FEA.dev 2022.2ğŸ›ï¸

O final do semestre estÃ¡ acabando, mas nÃ£o poderÃ­amos deixar de divulgar a gestÃ£o FEA.dev 2022.2 e jÃ¡ agradecer por toda a contribuiÃ§Ã£o a entidade.

Agradecemos a vocÃªs por se esforÃ§arem em continuar com o legado da entidade, representando os valores do FEA.dev e disseminando o conhecimento sobre programaÃ§Ã£o para os membros e para a comunidade.ğŸ’›ğŸ–¤",72,2,2022-11-29 22:26:54,fea.dev,32518466002,,False,,[],[]
11,ClPntEYD-S0,"Fala, devs! Beleza?ğŸ“¢âœ¨

Aposto que vocÃª jÃ¡ ouviu falar sobre as criptomoedas, mas vocÃª sabia que na semana passada teve a maior notÃ­cia do mundo cripto dos Ãºltimos tempos? Ã‰ isso mesmo!

Por isso, o @alan.kon e a @atuarialice, integrantes do nosso grupo de Blockchain, prepararam esse vÃ­deo para explicar tudo.

Para mais conteÃºdos acesse o link na nossa bio e fique ligado nos dev.news aqui no intagram!ğŸ’›ğŸ–¤",62,3,2022-11-22 01:04:13,fea.dev,32518466002,602.0,True,,[],"['alan.kon', 'atuarialice']"
12,Ck_HrV4OxFO,"Fala, devs! Beleza ğŸ‘‹

Nesse nosso novo artigo, mostramos como a programaÃ§Ã£o e a mÃºsica nÃ£o estÃ£o totalmente dissociadas! ğŸ§ğŸ¤
Nossos membros @kaka_artilha, @anocacristina, @maxjuan_mj, @alan.kon e @felipewh_ realizaram uma anÃ¡lise com Python sobre os hits de 2000 a 2021 no Spotfy. ğŸ“Š
O texto na Ã­ntegra jÃ¡ estÃ¡ disponÃ­vel no nosso medium, o link para acessar estÃ¡ na bio!",82,6,2022-11-15 15:14:54,fea.dev,32518466002,,False,,[],"['kaka_artilha', 'anocacristina', 'maxjuan_mj', 'alan.kon', 'felipewh_']"
13,Ckl-AC6uYiU,"CampeÃµes da 3Âª ediÃ§Ã£o Datathon de Criptomoedas da FGV EASP! ğŸš€

O FEA.DEV parabeniza nossos membros @tuts_lactose e Eduardo Salis, bem como os demais membros da equipe Cryptal: Lukas Gherman, Heitor Campo e VinÃ­cius Nazatos, pela conquista do primeiro lugar no desafio de dados de criptomoedas, realizado pela FGV ğŸ¥‡

O case apresentado nessa 3Â° ediÃ§Ã£o foi sobre Mercados Fractais e Criptomoedas - para mais informaÃ§Ãµes sobre o material, acesse o link na nossa bio.",92,11,2022-11-05 20:49:20,fea.dev,32518466002,,False,,[],['tuts_lactose']
14,CkO0clFuE7M,"Fala, devs! Beleza? ğŸ¤©

No Ãºltimo post da semana Her.dev, temos os depoimentos das maravilhosas: @kaka_artilha, @atuarialice e @anacduca

Esperamos que tenham gostado, se inspirado muito e encorajadas para entrar no mundo da programaÃ§Ã£o atravÃ©s do depoimento das meninas. Temos muito orgulho de tÃª-las em nossa entidade.ğŸŒ¹",82,8,2022-10-27 21:03:19,fea.dev,32518466002,,False,,[],"['kaka_artilha', 'atuarialice', 'anacduca']"
15,CkMQuEPuBVy,"Fala, devs! Beleza? ğŸ¤©

Continuando a semana Her.dev, no post de hoje, as lindas: @jupinha_, @gigica_ferreira e @anocacristina inspiram as mulheres ao falarem sobre o quanto o FEA.dev agregou em suas vidas tanto pessoais, quanto profissionais.

Nos vemos no prÃ³ximo post da semana Her.dev ğŸŒ¹",72,7,2022-10-26 21:12:39,fea.dev,32518466002,,False,,[],"['jupinha_', 'gigica_ferreira', 'anocacristina']"
16,CkJsiTBOdW0,"Fala, devs! Beleza? ğŸ¤©

Em todo ano, no mÃªs de outubro, realizamos a semana Her.dev ğŸŒ¹ que tem o intuito de aproximar as meninas da FEA com a programaÃ§Ã£o. ğŸ–¥ï¸

Nesse ano, iremos trazer diversos depoimentos das meninas que fazem parte do Fea.dev, em que elas contam sobre a importÃ¢ncia da programaÃ§Ã£o e da experiÃªncia de fazer parte da entidade. ğŸ’¬

No post de hoje, a @wallerygomes_ @tuts_lactose e @_emillysm contam um pouco de suas experiÃªncias. Esperamos que isso motive outras meninas a se interessarem por essa Ã¡rea tÃ£o relevante! 

 Nos vemos no prÃ³ximo post da semana Her.dev ğŸŒ¹",85,7,2022-10-25 21:17:59,fea.dev,32518466002,,False,,[],"['wallerygomes_', 'tuts_lactose', '_emillysm']"
17,CjJSrTbOSUy,"Nesse finzinho de setembro, o FEA.dev gostaria de manifestar a importÃ¢ncia do mÃªs de PrevenÃ§Ã£o ao SuicÃ­dio e ValorizaÃ§Ã£o da Vida. 

AlÃ©m do @cvvoficial, a USP tambÃ©m conta com meios internos para os alunos buscarem ajuda, como o EscritÃ³rio de SaÃºde Mental da @proreitoriadegraduacaousp e o @hu_usp.

Caso precise, nÃ£o deixe de buscar ajuda! ğŸ’›ğŸ–¤",49,0,2022-09-30 21:00:38,fea.dev,32518466002,,False,,[],"['cvvoficial', 'proreitoriadegraduacaousp', 'hu_usp']"
18,CibPaRNOV99,"Fala, devs! Beleza? ğŸ‘‹

Nosso tÃ£o esperado curso de python estÃ¡ chegando! ğŸ¤© Por isso, trouxemos algumas informaÃ§Ãµes importantes para quem deseja participar: 

--> As inscriÃ§Ãµes vÃ£o atÃ© dia 14/09 âš ï¸, o link para se inscrever estÃ¡ na nossa bio

--> Teremos o evento de abertura do curso presencialmente no dia 15/09 Ã s 17h no auditÃ³rio FUNCADI na FEA

--> Fiquem de olho no e-mail usp que Ã© por lÃ¡ que vamos nos comunicar, lembrem sempre de checar a caixa de spam

Todas as demais informaÃ§Ãµes estÃ£o detalhadas no post, Ã© sÃ³ arrastar para o lado ğŸ‘‰

Se restar alguma dÃºvida, Ã© sÃ³ mandar na nossa dm. Nos vemos na quinta! ğŸ˜„",210,15,2022-09-12 23:47:01,fea.dev,32518466002,,False,,[],[]
19,Chm4Zzwut1d,"Fala, devs! Beleza? ğŸ‘‹

Gostariamos de fazer um convite para o DEV+, um grande evento sobre tecnologia que iremos realizar junto com a @prometheusasset @feafinance @elabfeausp e @fgvcrypto! 

O objetivo do evento Ã© abordar como as novas tecnologias ğŸ–¥ï¸ como NFT, Smart Contracts, Scrapping e outras se encaixam no contexto feano e universitÃ¡rio. ğŸ¦˜ğŸ“

Iremos receber diversos convidados especiais para abordarem diferentes temas e ainda vamos sortear ingressos para o BlockchainRio, maior evento de Blockchain da AmÃ©rica Latina! ğŸ¤©

 Ã‰ sÃ³ arrastar para o lado para ver o cronograma completo do evento ou no destaque em nosso perfil! ğŸ‘‰

ğŸ—“ï¸ 24, 25 e 26 de agosto
â° A partir das 14h
ğŸ“InovaUSP e Sala da CongregaÃ§Ã£o na FEA

Nos vemos lÃ¡!

**nÃ£o Ã© necessÃ¡rio realizar inscriÃ§Ã£o
**para quem nÃ£o Ã© da USP, Ã© necessÃ¡rio comprovante de vacinaÃ§Ã£o",108,5,2022-08-23 15:45:29,fea.dev,32518466002,,False,,[],"['prometheusasset', 'feafinance', 'elabfeausp', 'fgvcrypto']"
20,ChdXs1GO6PP,"Fala, Devs! Tranquilo? ğŸ‘‹ 
 
Como muitos de vocÃªs jÃ¡ devem saber, a taxa de desemprego pode auxiliar muito em uma anÃ¡lise macroeconÃ´mica de um paÃ­s! ğŸ“ˆğŸ“‰ 
 
Dessa forma, no nosso mais novo artigo ğŸ“, feito pelo membro @julio.manuel.o , Ã© feita uma anÃ¡lise da taxa de desemprego em 3 estados do Estados Unidos, de modo a descrever como as distintas atividades econÃ´micas exercidas em um paÃ­s podem sofrer de maneira diferente com o desemprego, seja ele causado por crises econÃ´micas, guerras, pandemias, etc. 
 
Tudo isso, claro, com o auxÃ­lio de ferramentas do Python! ğŸ’» 
 
Se interessou? O link para o texto na Ã­ntegra estÃ¡ na bio.",76,10,2022-08-19 23:06:33,fea.dev,32518466002,,False,,[],['julio.manuel.o']
21,ChNsdR8uWcw,"Fala, devs! Beleza? ğŸ‘‹

Mais um artigo econÃ´mico no Medium! ğŸ“ˆ

Nesse novo artigo, a @wallerygomes_ realiza uma anÃ¡lise do comportamento do crÃ©dito imobiliÃ¡rio durante a pandemia. Bora conferir?

O texto na Ã­ntegra jÃ¡ estÃ¡ disponÃ­vel no nosso medium, o link para acessar estÃ¡ na Bio!",39,6,2022-08-13 21:00:05,fea.dev,32518466002,,False,,[],['wallerygomes_']
22,CgSeOOnOVp2,"Fala, devs! Beleza ğŸ‘‹

Nesse nosso novo artigo mostramos que progamaÃ§Ã£o e o mundo dos games tem tudo a ver! ğŸ®

Nosso membro @edg_sr realizou uma anÃ¡lise com Python de indicadores de jogadores de Counter-Strike, como quantidade de vÃ­timas por partida, medalhas ganhas, tempo de plataforma e outras. ğŸ“Š

O texto na Ã­ntegra jÃ¡ estÃ¡ disponÃ­vel no nosso medium, o link para acessar estÃ¡ na bio!",67,8,2022-07-21 21:00:30,fea.dev,32518466002,,False,,[],['edg_sr']
23,Cfr2ZUrOMe6,"Fala, devs! Beleza? ğŸ‘‹

No segundo post da nossa sÃ©rie #ProgramaFEA ğŸ’» trouxemos um projetinho desenvolvido pelo nosso membro @euodudsobats para monitorar preÃ§os no e-commerce! ğŸ’¸

Se vocÃª quer aprender como fazer isso no Python, se liga no post! ğŸ‘‰

Se vocÃª gostou, deixe seu like, compartilhe e fique de olho para nÃ£o perder o prÃ³ximo #ProgramaFEA ğŸ’»

*o link para acessar o cÃ³digo no github estÃ¡ na bio.
.
.
.
.
.
.
.
.
#ProgramaFEA #programaÃ§Ã£o #usp #python #preÃ§os #e-commerce",85,13,2022-07-06 21:01:21,fea.dev,32518466002,,False,,"['programafea', 'programafea', 'programafea', 'programaÃ§Ã£o', 'usp', 'python', 'preÃ§os', 'e']",['euodudsobats']
24,Cfe_SaLuUUJ,"Fala, devs! Beleza ğŸ‘‹

Como vocÃªs devem saber, os mercados e todos fatores que os compÃµem possuem uma natureza nada linear! HÃ¡ perÃ­odos de crescimento e tambÃ©m de recessÃ£o. ğŸ“ˆğŸ“‰

Por isso, no nosso mais novo artigo ğŸ“, Ã© feita uma anÃ¡lise do ciclo de mercado, para determinar em qual ciclo estamos atualmente, usando o Ciclo de CrÃ©dito, Ciclo de TÃ­tulos Inadimplentes e o Ciclo de Mercado. 

Tudo isso, claro, com o auxÃ­lio de ferramentas do Python! ğŸ’»

Se interessou? O link para o texto na Ã­ntegra estÃ¡ na bio e nos stories.
.
.
.
.
.
.
.
#python #economics #finance #mercadofinanceiro #usp #programaÃ§Ã£o",61,8,2022-07-01 21:08:55,fea.dev,32518466002,,False,,"['python', 'economics', 'finance', 'mercadofinanceiro', 'usp', 'programaÃ§Ã£o']",[]
25,CfXRnQnu2Z6,"Fala, devs! Beleza? ğŸ‘‹

Hoje, 28 de junho, Ã© o Dia Internacional do Orgulho LGBTQIAP+ e ter representatividade Ã© muito importante! ğŸ³ï¸â€ğŸŒˆ 

Pensando nisso o @fea.dev trouxe um post sobre 4 grandes nomes LGBTQIAP+ da tecnologia! ğŸ’»

Arrasta para o lado para conferir. ğŸ‘‰
.
.
.
.
.
.
.
#pridemonth #prideğŸŒˆ  #tech #technology #usp #programaÃ§Ã£o",80,2,2022-06-28 21:15:08,fea.dev,32518466002,,False,,"['pridemonth', 'pride', 'tech', 'technology', 'usp', 'programaÃ§Ã£o']",['fea.dev']
26,CfFPeKyuTW3,"Fala, devs! Beleza? ğŸ‘‹

Estamos inciando em nossas redes a sÃ©rie #ProgamaFEA ğŸ’» em que iremos divulgar projetinhos feitos por nossos membros para mostrarmos as diversas formas de utilizar a programaÃ§Ã£o no contexto feano. ğŸ¦˜

O primeiro projeto dessa sÃ©rie Ã© a API da Comdinheiro, desenvolvido pelo nosso membro @thomas.yasuoka para facilitar o acesso Ã s informaÃ§Ãµes da base de dados do Sistema Comdinheiro! ğŸ²

EntÃ£o se vocÃª tem interesse em mercado financeiro e estÃ¡ buscando dados para suas anÃ¡lises, se liga no post! ğŸ‘‰

Se vocÃª gostou, deixe seu like, compartilhe e fique de olho ğŸ‘€ para nÃ£o perder o prÃ³ximo #ProgramaFEA ğŸ’»

*O link para acessar o cÃ³digo no github estÃ¡ na bio.
.
.
.
.
.
.
.
.
#ProgamaFEA #programaÃ§Ã£o #usp #python #mercadofinanceiro #finanÃ§as",120,11,2022-06-21 21:10:05,fea.dev,32518466002,,False,,"['progamafea', 'programafea', 'progamafea', 'programaÃ§Ã£o', 'usp', 'python', 'mercadofinanceiro', 'finanÃ§as']",['thomas.yasuoka']
27,Ce60zx3Ok1q,"Fala, devs! Beleza? ğŸ‘‹

Com muita alegria apresentamos os novos membros do @fea.dev ğŸ¤© Foi um processo seletivo longo, com muitos inscritos, entrevistas e cases para chegarmos atÃ© aqui.

Contamos com vocÃªs para dar continuidade ao legado da entidade e tornar a programaÃ§Ã£o cada vez mais presente na FEA! ğŸ’»

Agradecemos tambÃ©m aos que se inscreveram. NÃ£o desanimem, ainda teremos muitas novidades e abrimos nosso PS todo ano.",145,12,2022-06-17 20:04:42,fea.dev,32518466002,,False,,[],['fea.dev']
28,CeUMpaLuoD2,"Fala, devs! Beleza ğŸ‘‹

GostarÃ­amos de convidÃ¡-los para o nosso segundo DevTalks ğŸ“¢ presencial, agora com o tema de FinanÃ§as Quantitativas! ğŸ“ˆ

E claro que o evento irÃ¡ contar com convidados super especiais: o Time de Strats do Morgan Stanley ğŸ“Š empresa global de serviÃ§os financeiros e que jÃ¡ atua hÃ¡ mais de 20 anos no Brasil!

EntÃ£o se vocÃª se interessa por mercado financeiro, quer entender mais sobre FinanÃ§as Quantitativas e conhecer o dia a dia de um profissional dessa Ã¡rea, nÃ£o perca tempo e garanta sua vaga!

ğŸ“† 07/06
ğŸ•18h
ğŸ“Sala G2 da FEA
ğŸ”—Forms de inscriÃ§Ã£o na bio
ğŸ’‰ Para quem nÃ£o for da USP, serÃ¡ necessÃ¡rio apresentar o comprovante de vacinaÃ§Ã£o
.
.
.
.
.
.
.
.
.
.
.
.
.
#finquant #finanÃ§as #usp #dev #programaÃ§Ã£o",92,12,2022-06-02 20:02:37,fea.dev,32518466002,,False,,"['finquant', 'finanÃ§as', 'usp', 'dev', 'programaÃ§Ã£o']",[]
29,CeMhaOsDhf8,"Fala, devs! Beleza?

Aposto que vocÃª jÃ¡ ouviu falar das negociaÃ§Ãµes de compra do Twitter pelo Elon Musk. O assunto vem ganhando repercussÃ£o e especulaÃ§Ãµes sobre o futuro da rede social.

Mas e ai, vocÃª tÃ¡ por dentro do assunto? Pensando nisso o FEA.dev preparou um vÃ­deo curtinho para te explicar um pouco sobre como andam as negociaÃ§Ãµes atÃ© agora.

ğŸ¤” SerÃ¡ mesmo que o bilionÃ¡rio vai comprar a rede social? Qual sua opiniÃ£o sobre o assunto?

Para mais conteÃºdos acesse o link na nossa bio e fique ligado nos dev.news aqui no instagram!

#twitter #elonmusk #tecnologia #tesla",25,0,2022-05-30 20:30:33,fea.dev,32518466002,182.0,True,,"['twitter', 'elonmusk', 'tecnologia', 'tesla']",[]
30,Cd9EfPlOufp,"Fala, devs! Beleza? ğŸ‘‹

No post de hoje viemos trazer duas bibliotecas do Python para web scraping. ğŸ”

Web scraping Ã© o processo de coleta de dados da web ğŸ² e pode ser utilizado para muitas atividades, como por exemplo, comparar preÃ§os, monitorar o tempo, etc. 

E claro, o Python facilita esse processo com a Scrapy e a Beautiful Soup. EntÃ£o se siga no post para conhecer mais sobre essas bibliotecas! ğŸ‘‰",62,2,2022-05-24 20:28:47,fea.dev,32518466002,,False,,[],[]
31,CdZIOCtO24H,"ğŸ›ï¸ GestÃ£o FEA.dev 2022.1 ğŸ›ï¸

Apresentamos a vocÃªs a gestÃ£o que serÃ¡ responsÃ¡vel por dar continuidade ao legado FEA.dev, por representar os valores da entidade e por compartilhar conhecimento sobre o universo da programaÃ§Ã£o com a comunidade.

O objetivo continua o mesmo: oferecer workshops, cursos e eventos para impactar a trajetÃ³ria acadÃªmica e profissional, sobretudo, dos estudantes da FEA.",95,4,2022-05-10 21:28:44,fea.dev,32518466002,,False,,[],[]
32,CdMOVnTO0IB,"[ARTIGO ""Ethereum 2.0 ou camada de consenso: Um passeio pelas terminologias"" - Link na bio! ğŸ“°]

Fala, devs! Beleza? ğŸ‘‹

VocÃªs jÃ¡ ouviram falar sobre Ethereum, NFT, Blockchain? ğŸ¤”

No nosso mais novo artigo, realizado em parceira com a @ligafeausp, vocÃªs poderÃ£o compreender melhor esses termos, descobrir as aplicaÃ§Ãµes de NFT e entender porque o termo 'Ethereum 2.0' passou a ser chamado de 'camada de consenso'.

VocÃªs ainda poderÃ£o acessar uma aplicaÃ§Ã£o em Pyhton ğŸ’» que exemplifica o funcionamento de Blockchain! 

O link para o texto na Ã­ntegra estÃ¡ na nossa bio e nos stories. Boa leitura! ğŸ“š

#usp #tecnologia #blockchain #nft #dev",60,5,2022-05-05 21:12:04,fea.dev,32518466002,,False,,"['usp', 'tecnologia', 'blockchain', 'nft', 'dev']",['ligafeausp']
33,CcliRlZulhh,"Fala, Devs! Beleza? ğŸ‘‹

Iremos realizar nosso primeiro DevTalks ğŸ“¢ presencial do ano e o tema serÃ¡ Blockchain!

Teremos a presenÃ§a ilustre de vÃ¡rios profissionais renomados da Ã¡rea, como os responsÃ¡veis por essa tecnologia dentro do @itau, na @b3_oficial, na @adaptivecode.io e na @cloudwalkio (confira mais detalhes nas fotos ğŸ‘‰).Â Â 

ğŸ—“ï¸ 29 de abril (sexta-feira) Ã s 15h
ğŸ“ Sala G1 da FEA/USP
ğŸ“ Acesse o link na bio para se inscrever, pois as vagas sÃ£o limitadas!
ğŸ’‰Para quem nÃ£o Ã© da USP, serÃ¡ necessÃ¡rio comprovante de vacinaÃ§Ã£o completa para participar do evento.

ğŸŒ VocÃª sabe o que Ã© Blockchain?Â 
Como o prÃ³prio nome diz, Ã© uma rede formada por blocos que Ã© parecida com um livro-razÃ£o compartilhado e imutÃ¡vel. Essa tecnologia pode servir para o registro deÂ  criptomoedas e patentes, por exemplo. AlÃ©m disso, estÃ¡ relacionado com diversos outros conceitos como DeFi, Tokenomics, NFT e hashes.

ğŸ’¡ Se interessou pelo assunto e quer aprender mais?
NÃ£o perca nosso evento e fique ligado em tudo que nossos convidados tÃªm para ensinar!
.
.
.
.
.
.
.
#blockchain #criptomoedas #nft #tecnologia #feadev #usp",70,6,2022-04-20 20:35:54,fea.dev,32518466002,,False,,"['blockchain', 'criptomoedas', 'nft', 'tecnologia', 'feadev', 'usp']","['itau', 'b3_oficial', 'adaptivecode.io', 'cloudwalkio']"
34,CcYrRP0OKCw,"Fala, dev! Beleza? ğŸ‘‹

Entrou agora na USP pelas listas de espera e quer aprender a programar? 

Ainda dÃ¡ tempo de participar do processo seletivo do @fea.dev, mas corre que o tempo estÃ¡ acabando! ğŸƒâ€â™‚ï¸

As inscriÃ§Ãµes vÃ£o atÃ© dia 22/04 e o link do formulÃ¡rio estÃ¡ na bio!

Arrasta para o lado que tem todas as informaÃ§Ãµes bem explicadinhas ğŸ‘‰",62,3,2022-04-15 20:44:22,fea.dev,32518466002,,False,,[],['fea.dev']
35,Cb-3ENeuJ7P,"Fala, dev! Beleza? ğŸ‘‹

Se vocÃª perdeu nossa palestra online, nÃ£o se preocupe, pois teremos outra palestra institucional e, agora, em formato presencial! ğŸ¤©

EntÃ£o jÃ¡ anota aÃ­ na agenda para nÃ£o esquecer:

ğŸ“… Sexta-feira, dia 08/04
ğŸ• 17h
ğŸ“ Sala A-03 (FEA 1)

Lembrando que, para aqueles que ainda nÃ£o se inscreveram no nosso PS, o link estÃ¡ na nossa bio.

Venha conhecer mais sobre o Dev e nosso mundo da programaÃ§Ã£o. Nos vemos lÃ¡! ğŸš€",24,1,2022-04-05 20:07:12,fea.dev,32518466002,,False,,[],[]
36,CbvguPKO17I,"Fala, devs! Beleza? ğŸ‘‹

Ã‰ com enorme prazer que anunciamos que nossa palestra institucional ocorrerÃ¡ nesse prÃ³ximo sÃ¡bado 02/04 Ã s 14h, via Google Meet. O link serÃ¡ liberado em nossos stories nos prÃ³ximos dias, entÃ£o fiquem atentos!

PorÃ©m, muitos de vocÃªs podem estar se perguntando: O que ocorrerÃ¡ nessa palestra institucional? ğŸ¤”

Basicamente, essa Ã© uma oportunidade para vocÃªs conhecerem mais sobre o FEA.dev, tanto como funciona a entidade, quanto mais informaÃ§Ãµes sobre nosso processo seletivo. ğŸ“

Lembrando que para aqueles que ainda nÃ£o se inscreveram no nosso PS, o link estÃ¡ na nossa bio.

Venha conhecer mais sobre o Dev e nosso mundo da programaÃ§Ã£o. Nos vemos sÃ¡bado! ğŸš€",59,2,2022-03-30 21:03:21,fea.dev,32518466002,,False,,[],[]
37,Cba3TFmuTff,"Fala, devs! Beleza? ğŸ‘‹

Hoje trouxemos uma explicaÃ§Ã£ozinha  de como serÃ£o as etapas do nosso processo seletivo e aproveitamos tambÃ©m para esclarecer algumas dÃºvidas frequentes. ğŸ“
 
NÃ£o se esqueÃ§am que o formulÃ¡rio de inscriÃ§Ã£o estÃ¡ na bio e se tiverem mais alguma dÃºvida sÃ³ nos chamar na dm ğŸ˜‰
.
.
.
.
.
.
.
.
#feadev #usp #programaÃ§Ã£o #programador #desenvolvedor #logicadeprogramacao #tecnologia #computaÃ§Ã£o  #livros #python",75,1,2022-03-22 20:36:34,fea.dev,32518466002,,False,,"['feadev', 'usp', 'programaÃ§Ã£o', 'programador', 'desenvolvedor', 'logicadeprogramacao', 'tecnologia', 'computaÃ§Ã£o', 'livros', 'python']",[]
38,CbOEVnrDeoA,"Fala, devs! Beleza? ğŸ‘‹

Como vocÃªs jÃ¡ sabem, o nosso processo seletivo estÃ¡ aberto e por isso trouxemos nesse vÃ­deo 5ï¸âƒ£ motivos para convencer vocÃªs a entrarem na @fea.dev! 
 
Cliquem na tela para abrir o vÃ­deo e lembrem-se que o formulÃ¡rio de inscriÃ§Ã£o estÃ¡ na bio, qualquer dÃºvida sÃ³ nos chamar na dm ğŸ˜‰
.
.
.
.
.
.
.
.
#feadev #usp #programaÃ§Ã£o #programador #desenvolvedor #logicadeprogramacao #tecnologia #computaÃ§Ã£o  #livros #python",77,8,2022-03-17 21:20:57,fea.dev,32518466002,755.0,True,,"['feadev', 'usp', 'programaÃ§Ã£o', 'programador', 'desenvolvedor', 'logicadeprogramacao', 'tecnologia', 'computaÃ§Ã£o', 'livros', 'python']",['fea.dev']
39,CbJDv6GO_Xl,"Fala, devs! Beleza? ğŸ‘‹

Acabou de sair o episÃ³dio que gravamos para o TerraÃ§oCast, o podcast do @terracoeconomico ğŸ¤
 
A nossa presidente @atuarialice e o @felipebailez, um dos fundadores do @fea.dev, contaram um pouco da histÃ³ria e funcionamento da entidade. O episÃ³dio contou tambÃ©m com a presenÃ§a de dois de nossos membros da Ã¡rea de cursos: Thais e @kam.marcelino

VocÃªs podem ouvir o podcast no Spotify â˜ºï¸
.
.
.
.
.
.
.
.
.
#feadev #usp #programaÃ§Ã£o #programador #desenvolvedor #logicadeprogramacao #tecnologia #computaÃ§Ã£o  #livros #python",35,2,2022-03-15 22:39:02,fea.dev,32518466002,,False,,"['feadev', 'usp', 'programaÃ§Ã£o', 'programador', 'desenvolvedor', 'logicadeprogramacao', 'tecnologia', 'computaÃ§Ã£o', 'livros', 'python']","['terracoeconomico', 'atuarialice', 'felipebailez', 'fea.dev', 'kam.marcelino']"
40,Ca-iuV8Ojho,"[ARTIGO ""VaR: da estatÃ­stica ao mercado financeiro"" - Link na bio! ğŸ“°]

Fala, devs! Beleza? VocÃªs jÃ¡ ouviram falar sobre Value at Risk (VaR), uma das metodologias mais utilizadas pelo mercado para a anÃ¡lise de risco?

Esse conceito, desenvolvido pelo banco JP Morgan, auxilia os investidores a estimarem o potencial de perda de um ativo ou carteira e sua probabilidade de ocorrÃªncia!

Querem entender mais sobre o Value at Risk e como ele funciona na prÃ¡tica atravÃ©s de aplicaÃ§Ãµes em Python? EntÃ£o, acessem o texto na Ã­ntegra atravÃ©s do link na nossa bio! Boa leitura! â˜ºï¸",46,2,2022-03-11 20:38:03,fea.dev,32518466002,,False,,[],[]
41,Ca79wP7uv2j,"VOCÃŠ TEM INTERESSE EM CONECTAR O MUNDO DOS NEGÃ“CIOS COM O DA PROGRAMAÃ‡ÃƒO?

As inscriÃ§Ãµes para o Processo Seletivo do FEADev estÃ£o abertas! Uma entidade de programaÃ§Ã£o atrelada ao mundo dos negÃ³cios. ğŸ¤

ğŸ¤” Onde se inscrever?
Pelo link  http://bit.ly/PS-FEADEV ou acessando a  nossa bio!

Sobrou alguma dÃºvida? Sinta-se livre para mandar mensagem em nossas redes sociais, estamos sempre abertos para conversar com vocÃªs!",77,10,2022-03-10 20:36:31,fea.dev,32518466002,,False,,[],[]
42,Ca3AvdJuNY9,"Neste 8 de marÃ§o, trouxemos um pouco da histÃ³ria de 3 mulheres programadoras ğŸ‘©â€ğŸ’» que fizeram histÃ³ria na tecnologia para lembrar vocÃªs, mulheres que nos acompanham, que vocÃªs tambÃ©m podem se destacar nessa Ã¡rea que ainda Ã© tÃ£o preenchida por homens!

Se vocÃªs tÃªm interesse em entrar nesse universo da programaÃ§Ã£o, fiquem atentas âš ï¸ que, em breve, iremos abrir nosso processo seletivo. 

Vem programar com a gente! 
Feliz dia Internacional da Mulher ğŸŒ¹
.
.
.
.
.
.
.
.
#usp  #feadev #python #dev #code #internationalwomensday #womansday #tecnologia #programador",34,0,2022-03-08 22:26:26,fea.dev,32518466002,,False,,"['usp', 'feadev', 'python', 'dev', 'code', 'internationalwomensday', 'womansday', 'tecnologia', 'programador']",[]
43,Cap_3uCO1Wy,"(InscriÃ§Ãµes encerradas)
Fala, dev! beleza? ğŸ‘‹

NÃ³s, do Fea.dev, estamos oferecendo um curso bÃ¡sico de Python ğŸ“ para alunos do Ensino MÃ©dio, mas como sobraram algumas vagas, decidimos abri-las para outros alunos do mÃ©dio que tambÃ©m queiram participar.

EntÃ£o, se vocÃª tem interesse em realizar um curso de qualidade gratuito e sem nenhum prÃ© requisito, corre ğŸƒâ€â™‚ï¸ para se inscrever pois sÃ£o poucas vagas disponÃ­veis e as aulas jÃ¡ comeÃ§aram!

ğŸ“Œ Forms de inscriÃ§Ã£o na bio e nos stories!
.
.
.
.
.
.
.
.
#feadev #usp #programaÃ§Ã£o #programador #desenvolvedor #logicadeprogramacao #tecnologia #computaÃ§Ã£o  #livros #pythonprogrammer",70,1,2022-03-03 21:08:41,fea.dev,32518466002,,False,,"['feadev', 'usp', 'programaÃ§Ã£o', 'programador', 'desenvolvedor', 'logicadeprogramacao', 'tecnologia', 'computaÃ§Ã£o', 'livros', 'pythonprogrammer']",[]
44,CanTZdkusPZ,"Fala, devs! Beleza? ğŸ‘‹

Viemos fazer um convite especial para o nosso DevTalks ğŸ“£, um papo super legal sobre machine learning e T.I que vai acontecer junto com o @danielhe4rt e com o @teo.calvo!!

EntÃ£o jÃ¡ marquem aÃ­ na agenda ğŸ—“ï¸ de vocÃªs: dia 5 de marÃ§o Ã s 17h e no Twitch do He4rt! (linktree na bio)
.
.
.
.
.
.
.
.
#feadev #usp #programaÃ§Ã£o #programador #desenvolvedor #logicadeprogramacao #tecnologia #computaÃ§Ã£o  #livros #python",59,7,2022-03-02 20:01:36,fea.dev,32518466002,,False,,"['feadev', 'usp', 'programaÃ§Ã£o', 'programador', 'desenvolvedor', 'logicadeprogramacao', 'tecnologia', 'computaÃ§Ã£o', 'livros', 'python']","['danielhe4rt', 'teo.calvo']"
45,CaVVIBUuU3K,"Fala, devs! beleza? ğŸ‘‹

Se liguem nesse tutorial que preparamos bem explicadinho para ajudar vocÃªs a criarem uma conta de estudante no GitHub ğŸ‘‰

Gostaram do tutorial? EntÃ£o deixem o like e aproveitem todos os benefÃ­cios do GitHub Student Developer Pack ğŸ˜‰
.
.
.
.
.
.
.
.
#feadev #usp #programaÃ§Ã£o #programador #desenvolvedor #logicadeprogramacao #tecnologia #computaÃ§Ã£o  #livros #pythonprogramming",79,2,2022-02-23 20:30:22,fea.dev,32518466002,,False,,"['feadev', 'usp', 'programaÃ§Ã£o', 'programador', 'desenvolvedor', 'logicadeprogramacao', 'tecnologia', 'computaÃ§Ã£o', 'livros', 'pythonprogramming']",[]
46,CaSzp1UD8Ta,"Fala, devs! beleza? ğŸ‘‹

Nesse post da nossa sÃ©rie FEA.dev Indica, viemos recomendar uma rede social que quem programa ou deseja programar deveria ter: o GitHub! ğŸ˜„

Se gostou do vÃ­deo, deixe o like, compartilha com a galera e bora aprender! ğŸ§‘â€ğŸ’»
.
.
.
.
.
.
.
#feadev #usp #programaÃ§Ã£o #programador #desenvolvedor #logicadeprogramacao #tecnologia #computaÃ§Ã£o  #livros #python",126,7,2022-02-22 21:03:32,fea.dev,32518466002,1777.0,True,,"['feadev', 'usp', 'programaÃ§Ã£o', 'programador', 'desenvolvedor', 'logicadeprogramacao', 'tecnologia', 'computaÃ§Ã£o', 'livros', 'python']",[]
47,CaIlroROcsd,"O @fea.dev e a @epepusp se juntaram ğŸ¤ para trazer uma indicaÃ§Ã£o valiosa para quem se interessa por polÃ­tica e programaÃ§Ã£o: o speechbr! 

O speechbr Ã© um pacote do R desenvolvido pelo @dcardosous, membro do @fea.dev, que facilita o acesso a discursos de deputados do Brasil, possibilitando a realizaÃ§Ã£o de anÃ¡lises e inferÃªncias polÃ­ticas. ğŸ“Š 

Esse Ã© um exemplo de como o acesso a informaÃ§Ã£o na polÃ­tica  pode ser implementado por meio da programaÃ§Ã£o. 

Esse pacote estÃ¡ hospedado no GitHub e pode ser acessado pelo link:https://github.com/dcardosos/speechbr",135,11,2022-02-18 21:44:55,fea.dev,28453042231,,False,,[],"['fea.dev', 'epepusp', 'dcardosous', 'fea.dev']"
48,CZz20gjOBL8,"Fala, devs! Beleza?
Hoje queremos  mostrar para vocÃªs mais um post da sÃ©rie pacotes essenciais, um super pacote para visualizaÃ§Ã£o de dados: o GGPLOT2 para R! ğŸ‘‰

E aÃ­, curtiu? Comenta ai abaixo. 
E se quiser saber mais sobre o universo da programaÃ§Ã£o, nÃ£o deixe de acessar o nosso canal no Youtube, que estÃ¡ logo ali na bio!

ğŸ¤“ Uma biblioteca, ou pacote, Ã© um arquivo de determinada linguagem que contÃ©m funÃ§Ãµes e mÃ³dulos que podem ser utilizadas pelo usuÃ¡rio ao importÃ¡-las. Desse modo, nÃ£o Ã© necessÃ¡rio que o usuÃ¡rio de determinada linguagem tenha de criar diversas funÃ§Ãµes complexas por conta prÃ³pria, otimizando os cÃ³digos.
.
.
.
.
.
#cienciadedados #Rstats #ggplot2 #usp #feadev",51,1,2022-02-10 20:30:37,fea.dev,32518466002,,False,,"['cienciadedados', 'rstats', 'ggplot2', 'usp', 'feadev']",[]
49,CZutv-kv8l9,"[ARTIGO ""Black-Scholes: da histÃ³ria Ã  aplicaÃ§Ã£o em Julia"" - Link na bio! ğŸ“°]

Fala, devs! Beleza? VocÃªs jÃ¡ ouviram falar sobre Black-Scholes, um modelo de precificaÃ§Ã£o de ativos?

Esse modelo, desenvolvido pelos economistas Fischer Black e Myron Scholes, auxilia os investidores a estimarem preÃ§os e minimizarem incertezas em cenÃ¡rios de alta volatilidade.

Querem entender mais sobre a histÃ³ria do Black-Scholes e como ele funciona na prÃ¡tica atravÃ©s de uma aplicaÃ§Ã£o em Julia? EntÃ£o, acessem o texto na Ã­ntegra atravÃ©s do link na nossa bio! Boa leitura! â˜ºï¸",66,11,2022-02-08 20:35:09,fea.dev,32518466002,,False,,[],[]
50,CZfRvJopBeS,"Fala, devs, beleza? ğŸ‘‹
Em nosso terceiro post da sÃ©rie FEA.dev Indica, vamos recomendar alguns livros ğŸ“š sobre algoritmos e lÃ³gica de programaÃ§Ã£o. Esses assuntos sÃ£o muito importantes pra quem estÃ¡ iniciando nesse universo!
Curta o vÃ­deo, compartilhe com seus amigos e bora aprender! ğŸ§‘â€ğŸ’»
.
.
PS: acesse nosso canal do YouTube (link na bio) para continuar evoluindo nos seus estudos de programaÃ§Ã£o!
.
.
.
.
.
.
#feadev #usp #programaÃ§Ã£o #programador #desenvolvedor #logicadeprogramacao #tecnologia #computaÃ§Ã£o  #livros #python",156,14,2022-02-02 20:42:08,fea.dev,32518466002,1945.0,True,,"['feadev', 'usp', 'programaÃ§Ã£o', 'programador', 'desenvolvedor', 'logicadeprogramacao', 'tecnologia', 'computaÃ§Ã£o', 'livros', 'python']",[]
51,CZAeqXFOMGO,"Fala devs, beleza? 

Hoje trouxemos a prova de que 
programar pode ser muito divertido ğŸ˜
Nesse tutorial de como jogar JokenpÃ´ usando o Pyhton, ensinamos a criar toda a lÃ³gica do jogo e ainda disponibilizamos o cÃ³digo completo ğŸ˜± basta acessar o link na bio.

E se vocÃª gostou do post, curte e jÃ¡ compartilha com um amigo para ele aprender tambÃ©m!

#python #usp #programaÃ§Ã£o #code #developer",62,6,2022-01-21 21:38:15,fea.dev,32518466002,,False,,"['python', 'usp', 'programaÃ§Ã£o', 'code', 'developer']",[]
52,CY7P4Vouac2,"Fala, devs! Beleza?

Para te ajudar a virar mestre na anÃ¡lise de dados, o FEA.dev preparou para vocÃª dicas de pacotes para machine learning! Se liga ğŸ‘‰

ğŸ¤“ Um pacote Ã© um arquivo de determinada linguagem que contÃ©m funÃ§Ãµes e mÃ³dulos que podem ser utilizadas pelo usuÃ¡rio ao importÃ¡-las, para que vocÃª nÃ£o precise fazer algumas coisas do zero! Ã‰ isso que chamamos de eficientizar o cÃ³digo! 

.
.
.
.
.
#cienciadedados #machinelearning #scikitlearn #tensorflow #usp #feadev #python",47,3,2022-01-19 20:52:53,fea.dev,32518466002,,False,,"['cienciadedados', 'machinelearning', 'scikitlearn', 'tensorflow', 'usp', 'feadev', 'python']",[]
53,CYXJ4xLObQ8,"Fala, Dev Bixos, beleza? ğŸ‘

Nada melhor que comeÃ§ar o ano de 2022 dando as boas-vindas a vocÃªs, que agora compÃµem a mais nova geraÃ§Ã£o do ğŸ‘©â€ğŸ’»FEA.DevğŸ‘¨â€ğŸ’»! 

ğŸ‘‰ Ao longo do processo seletivo, vocÃªs foram cuidadosamente escolhidos, para fomentarem junto a nÃ³s os nossos valores e ideais. Por isso, obrigada por fazerem parte da nossa famÃ­lia!

Para esse ano, nÃ£o vemos a hora de vÃª-los crescerem junto Ã  entidade em suas prÃ³prias jornadas no mundo da programaÃ§Ã£o como uma parte do nosso inteiro! Sejam muito bem vindos!!! ğŸ’›ğŸ’›",102,12,2022-01-05 20:27:51,fea.dev,32518466002,,False,,[],[]
54,CXwlbx_uwep,"Fala Devs, beleza?

Se liguem nesse tutorial de como fazer grÃ¡ficos com Python, a partir de qualquer planilha ğŸ¤©. Nesse post, ensinamos vocÃªs a importar os dados da planilha, e fazer grÃ¡ficos muito usados na estatÃ­stica: grÃ¡fico de dispersÃ£o, histograma e boxplot! ğŸ˜± Curtiu? Deixa seu like e compartilha com seus amigos para eles ficarem sabendo dessas dicas tambÃ©m! ğŸ¥°

#python #feadev #usp #fea #programacao #dataanalytics",55,4,2021-12-21 20:58:11,fea.dev,32518466002,,False,,"['python', 'feadev', 'usp', 'fea', 'programacao', 'dataanalytics']",[]
55,CXmXotBr3IQ,"Fala devs, beleza? ğŸ¤© Quer aprender a programar, mas nÃ£o sabe por onde comeÃ§ar?! Se liga nessas indicaÃ§Ãµes que o @fea.dev preparou ğŸ‘‰

1. Canal Fea.Dev 
VÃ­deos introdutÃ³rios sobre Python, Data Science, IA, FinanÃ§as Quantitativas e muito mais! Acesse o link na bio para conferir!

2. Canal ProgramaÃ§Ã£o DinÃ¢mica
VÃ­deos sobre ciÃªncia de dados com Python, Machine Learning e outros assuntos sobre tecnologia.

3. Curso em VÃ­deo
Estude Java, PHP e Python, alÃ©m de encontrar tambÃ©m vÃ­deos sobre Excel, HTML e outros tutoriais.

Se vocÃª tiver outras dicas, deixa aqui nos comentÃ¡rios!ğŸ˜Š",73,8,2021-12-17 21:45:13,fea.dev,32518466002,,False,,[],['fea.dev']
56,CXhTlh_rwPl,"Fala, devs! Beleza?
VocÃª gostaria de turbinar suas anÃ¡lises de dados usando o melhor que o R tem a oferecer? EntÃ£o se liga nas dicas de bibliotecas que o FEA.dev preparou para vocÃª! ğŸ‘‰

E se vocÃª curtiu esse tipo de conteÃºdo, comente abaixo alguma sugestÃ£o de mais temas relacionados ao R que podemos trazer para vocÃªs, tanto atravÃ©s das redes sociais, quanto do Youtube! ğŸ˜Š

*Uma biblioteca, ou pacote, Ã© um arquivo de determinada linguagem que contÃ©m funÃ§Ãµes e mÃ³dulos que podem ser utilizadas pelo usuÃ¡rio ao importÃ¡-las. Desse modo, nÃ£o Ã© necessÃ¡rio que o usuÃ¡rio de determinada linguagem tenha de criar diversas funÃ§Ãµes complexas por conta prÃ³pria, otimizando os cÃ³digos.

.
.
.
.
.
#cienciadedados #Rstats #dplyr #tidyr  #usp #feadev",61,1,2021-12-15 22:33:37,fea.dev,32518466002,,False,,"['cienciadedados', 'rstats', 'dplyr', 'tidyr', 'usp', 'feadev']",[]
57,CXPG0tCjxYO,"Fala, devs! Beleza? 
Recentemente, um dos assuntos mais comentados Ã© o IPO da Nubank. Mas serÃ¡ que vocÃª conhece a trajetÃ³ria dessa empresa que hoje Ã© tÃ£o importante? ğŸ¤”
Pensando nisso, o FEA.dev preparou um vÃ­deo especial pra vocÃª que quer conhecer um pouco mais sobre a trajetÃ³ria dessa startup de sucesso.

Para mais conteÃºdos acesse o link da nossa bio e fique ligado nos dev.news semanais aqui no Instagram! ğŸš€

#python #feadev #usp #fea #programacao",34,4,2021-12-08 20:56:50,fea.dev,32518466002,203.0,True,,"['python', 'feadev', 'usp', 'fea', 'programacao']",[]
58,CWwLQPrLV3P,"Fala, devs! Beleza?
Ã€s vezes o tema padrÃ£o do Jupyter Notebook pode ser um pouco desagradÃ¡vel visualmente, nÃ©? ğŸ¤” 
EntÃ£o, que tal usar o pacote Jupyterthemes para melhorar a aparÃªncia do seu ambiente de desenvolvimento? Se liga na dica que o FEA.dev preparou para ajudar vocÃª! ğŸ‘‰

.
.
.
.
.
.
#jupyternotebook #programacao #python #datascience #usp #feadev",77,9,2021-11-26 20:38:01,fea.dev,32518466002,,False,,"['jupyternotebook', 'programacao', 'python', 'datascience', 'usp', 'feadev']",[]
59,CWbiNPVDhtY,"Fala devs, beleza? ğŸ‘ğŸ»
Continuando a nossa sÃ©rie FEA.dev Indica, hoje vamos te ensinar (em menos de um minuto!) a como baixar o Anaconda ğŸ, uma plataforma que contÃ©m IDEs para facilitar o processo de programar em Python, R e outras linguagens! Curta o vÃ­deo, compartilhe com seus amigos e bora codar! ğŸ‘©ğŸ»â€ğŸ’»
.
.
PS: acesse nosso canal do YouTube para continuar evoluindo nos seus estudos de programaÃ§Ã£o! ğŸ’›
.
.
.
.
.
.
#python #anaconda #tutorial #feadev #usp #programacao",90,10,2021-11-18 20:49:10,fea.dev,32518466002,1078.0,True,,"['python', 'anaconda', 'tutorial', 'feadev', 'usp', 'programacao']",[]
60,CWWa15Erosm,"Fala, devs! Beleza?
VocÃª gostaria de turbinar suas anÃ¡lises de dados usando o melhor que o Python tem a oferecer? EntÃ£o se liga nas dicas de pacotes* para visualizaÃ§Ã£o de dados que o FEA.dev preparou para vocÃª! ğŸ‘‰

E para dar seus primeiros passos usando esses pacotes, acesse o link na bio para acessar os vÃ­deos disponÃ­veis no nosso canal do YouTube! LÃ¡ vocÃª encontrarÃ¡ tutoriais para visualizaÃ§Ã£o de dados feitos pelo FEA.dev especialmente para vocÃª, feane! ğŸ˜Š

*Um pacote Ã© um arquivo de determinada linguagem que contÃ©m funÃ§Ãµes e mÃ³dulos que podem ser utilizadas pelo usuÃ¡rio ao importÃ¡-las. Desse modo, nÃ£o Ã© necessÃ¡rio que o usuÃ¡rio de determinada linguagem tenha de criar diversas funÃ§Ãµes complexas por conta prÃ³pria, otimizando os cÃ³digos.

.
.
.
.
.
#cienciadedados #visualizacaodedados #matplotlib #seaborn #usp #feadev",74,4,2021-11-16 20:33:59,fea.dev,32518466002,,False,,"['cienciadedados', 'visualizacaodedados', 'matplotlib', 'seaborn', 'usp', 'feadev']",[]
61,CWMHO0rra7m,"The R Graph Gallery Ã© um site focado na visualizaÃ§Ã£o de dados em R, com mais de 400 grÃ¡ficos classificados e detalhados para o usuÃ¡rio. AlÃ©m dos grÃ¡ficos tradicionais, a galeria tambÃ©m conta com interaÃ§Ãµes, grÃ¡ficos 3D, mapas e uma seÃ§Ã£o repleta de arte para aqueles que foram alÃ©m da anÃ¡lise quantitativa.
E aÃ­, curtiu? Acesse www.r-graph-gallery.com e aproveite!

> Para mais conteÃºdos relacionados a R, confira o nosso Ãºltimo artigo ""Paradoxo de Simpson: uma abordagem em R"", o link para acessÃ¡-lo estÃ¡ na nossa bio!
.
.
.
.
.
#rtats #programacao #datascience #feadev #usp",71,6,2021-11-12 20:30:13,fea.dev,32518466002,,False,,"['rtats', 'programacao', 'datascience', 'feadev', 'usp']",[]
62,CV3ht-EPtvj,"[ARTIGO ""Paradoxo de Simpson: uma abordagem em R"" - Link na bio! ğŸ“°]

Fala, devs! Beleza? VocÃª jÃ¡ inferiu algo sobre uma populaÃ§Ã£o a partir de uma amostra de dados quando, na verdade, a conclusÃ£o era outra? Se sim, vocÃª provavelmente caiu em uma ""armadilha estatÃ­stica"".

Ã‰ muito importante saber identificÃ¡-las para nÃ£o comprometer suas anÃ¡lises, por isso, no nosso mais novo artigo, escrito por Douglas Cardoso, apresentamos uma dessas armadilhas: o Paradoxo de Simpson. 

Quer entender esse paradoxo e saber como lidar com isso em suas anÃ¡lises? EntÃ£o acesse o texto na Ã­ntegra atravÃ©s do link da nossa bio! Boa leitura! â˜ºï¸

#feausp #R #programacao #estatÃ­stica",42,9,2021-11-04 20:37:37,fea.dev,32518466002,,False,,"['feausp', 'r', 'programacao', 'estatÃ­stica']",[]
63,CVyZswULl1I,"Fala devs, beleza? Se vocÃª jÃ¡ precisou trabalhar com dados, calcular o coeficiente de pearson e fazer uma regressÃ£o linear, se liga nas dicas especiais que o FEA.dev preparou! ğŸ‘‰

Ã‰ importante deixar claro, tambÃ©m, que hÃ¡ algumas maneiras diferentes, Ã s vezes mais criativas, de fazer isso no Python e em outras linguagens, mas essas sÃ£o maneiras simples, principalmente para pessoas que estÃ£o iniciando suas trajetÃ³rias com a programaÃ§Ã£o!

Caso vocÃª queira aprender mais sobre o bÃ¡sico do Python e os principais pacotes para turbinar suas anÃ¡lises, dÃª uma olhadinha no nosso canal do Youtube e nos nossos Ãºltimos artigos no Medium! (acesse o link na bio!) ğŸ˜‰

#python #feadev #usp #fea #programacao #dataanalytics",99,6,2021-11-02 20:51:20,fea.dev,32518466002,,False,,"['python', 'feadev', 'usp', 'fea', 'programacao', 'dataanalytics']",[]
64,CVlh3CLLsfn,"[ARTIGO ""SÃ©ries Temporais usando o Pandas"" - Link na bio! ğŸ“°]

Fala, devs! Beleza? VocÃª muito provavelmente jÃ¡ sofreu ao ter que analisar sÃ©ries histÃ³ricas de ativos. Seja ao extrair os dados, ou entÃ£o ao manipulÃ¡-los e  estabelecer juÃ­zos qualitativos. 

Mas, na verdade, com as ferramentas corretas, pode ser muito fÃ¡cil desenvolver essas tarefas! 

Por isso, o FEA.dev inaugura atravÃ©s do nosso mais novo artigo, escrito por Eduardo Salis e JoÃ£o Evangelista, uma pequena sÃ©rie de ferramentas para analisar sÃ©ries temporais! 

Quer aprender com a gente a como fazer isso? EntÃ£o acesse o texto na Ã­ntegra atravÃ©s do link na nossa bio! Boa leitura! â˜ºï¸

#feadev #usp #python #timeseries #programacao #datascience #dataanalysis",57,4,2021-10-28 20:52:31,fea.dev,32518466002,,False,,"['feadev', 'usp', 'python', 'timeseries', 'programacao', 'datascience', 'dataanalysis']",[]
65,CVQ_9qELE6R,"Fala, devs! Beleza?
Para fechar com chave de ouro o cronograma da semana Her.Dev, trazemos para vocÃªs as participantes do terceiro dia do nosso evento, organizado em parceria com o @cavcfeausp ! Dessa vez, vamos contar com 2 profissionais da XP Investimentos para falar sobre suas carreiras no mercado tech e, por fim, teremos uma palestra dedicada ao Outubro Rosa sobre atenÃ§Ã£o primÃ¡ria Ã  saÃºde feminina! ğŸ’—
Confira os horÃ¡rios das palestras! ğŸ‘‡

ğŸ—“  27/10

ğŸ•• 17h: Palestra sobre a jornada feminina no mercado da tecnologia em uma grande instituiÃ§Ã£o financeira, com Carina Sucupira â€“ engenheira de dados na XP Investimentos, com MBA em AdministraÃ§Ã£o de Investimentos Financeiros e Private Banking pela Ibmec e em Engenharia de Dados pela FIAP â€“, e Gabriela Aires â€“ profissional que atua na Ã¡rea de ESG na frente de Diversidade na XP Inc, faz parte da Liga dos XTAGS e Ã© graduanda em Direito pela Universidade Mackenzie-SP.

ğŸ•” 18h30: Bate-papo sobre AtenÃ§Ã£o PrimÃ¡ria Ã  SaÃºde Feminina, com Isabel Sorpreso â€“ Professora especialista em obstetrÃ­cia e ginecologia e Pesquisadora na Ã¡rea de SaÃºde Feminina na Faculdade de Medicina da USP. MediaÃ§Ã£o em conjunto com o @cavcfeausp.

ğŸ‘‰ Mas nÃ£o paramos por aqui! Continuaremos liberando mais detalhes do Her.Dev ao longo dessa semana, entÃ£o nÃ£o deixem de checar os nossos stories, os destaques e se inscreverem no mailing do evento (link na bio). Nos vemos lÃ¡! ğŸ’›

.
.
.
.
.
#usp #feadev #cavc #herdev #outubrorosa #xpinvestimentos #programacao",62,12,2021-10-20 21:31:31,fea.dev,32518466002,,False,,"['usp', 'feadev', 'cavc', 'herdev', 'outubrorosa', 'xpinvestimentos', 'programacao']","['cavcfeausp', 'cavcfeausp']"
66,CVOR2k3LRq_,"Cronograma Semana HER.dev â€“ dias 25 e 26

Chegou a hora de anunciar as queridas palestrantes do primeiro e segundo dia da Semana Her.Dev, evento organizado em parceria com o @cavcfeausp! Estamos muito felizes em recebÃª-las e esperamos contribuir para o debate sobre o gap de gÃªnero nas diferentes Ã¡reas do mercado e da academia!
Confira nosso cronograma completo em primeira mÃ£o! ğŸ‘‡

ğŸ—“  25/10

ğŸ•• 18h: A jornada feminina dentro do mercado financeiro e a importÃ¢ncia da programaÃ§Ã£o, por Monique Sampaio @moniqsampaio â€“ COO e Managing Partner na Lakewood Investments.

ğŸ—“  26/10

ğŸ•” 17h: SaÃºde Mental Feminina, por Giulia Priore @psi.giupriore, psicÃ³loga e pÃ³s-graduanda em saÃºde mental pela Santa Casa. Oferecimento e mediaÃ§Ã£o: @cavcfeausp .

ğŸ•• 18h15: Roda de conversa sobre a perspectiva feminina dentro da academia e a importÃ¢ncia da programaÃ§Ã£o enquanto meio de transformaÃ§Ã£o, com Daielly Mantovani, professora da FEAUSP. 

ğŸ‘‰ NÃ£o deixe de acompanhar os detalhes do evento, que continuaremos divulgando ao longo dessa semana, checar os nossos destaques e se inscrever no mailing do evento (link na bio). Nos vemos lÃ¡! ğŸ’›

.
.
.
.
.
#usp #feadev #cavc #programacao #herdev",89,22,2021-10-19 20:10:07,fea.dev,32518466002,,False,,"['usp', 'feadev', 'cavc', 'programacao', 'herdev']","['cavcfeausp', 'moniqsampaio', 'psi.giupriore', 'cavcfeausp']"
67,CVBc6d_rXEb,"ProgramaÃ§Ã£o, inovaÃ§Ã£o, saÃºde e sociedade. Tudo isso no contexto feminino.ğŸŒ¹

ğŸ‘‰ğŸ» Essas sÃ£o as palavras chaves da primeira semana Her.dev, um conjunto de palestras que acontecerÃ£o nos dias ğŸ—“ 25, 26 e 27 de outubro pelo Zoom, em parceria com o @cavcfeausp .

ğŸ‘‰ğŸ» Nesse evento, vocÃª terÃ¡ a oportunidade de conhecer e interagir com professoras e profissionais do mercado financeiro que irÃ£o discutir sobre a importÃ¢ncia da programaÃ§Ã£o em suas trajetÃ³rias, bem como das dificuldades e das perspectivas do mercado no que tange Ã  disparidade de gÃªnero. Desse modo, serÃ¡ possÃ­vel compreender que ğŸŒ¹""Her"" e ğŸ‘©ğŸ»â€ğŸ’»""Dev"" estÃ£o muito mais conectados do que se imagina.

ğŸ‘‰ğŸ» NÃ£o deixe de acompanhar os detalhes do evento, que lanÃ§aremos ao longo da semana, checar os nossos destaques e se inscrever no mailing do evento (link na bio). Nos vemos lÃ¡! ğŸ’›

.
.
.
.
.
#usp #feadev #herdev #programacao #outubrorosa",77,13,2021-10-14 20:36:38,fea.dev,32518466002,,False,,"['usp', 'feadev', 'herdev', 'programacao', 'outubrorosa']",['cavcfeausp']
68,CUqYpkCLoZg,"Fala devs, beleza? Se vocÃª jÃ¡ precisou calcular algumas medidas estatÃ­sticas descritivas bÃ¡sicas e queria encontrar um jeito fÃ¡cil e rÃ¡pido de fazer isso, se liga nas dicas especiais que o FEA.dev preparou! ğŸ‘‰

Ã‰ importante deixar claro, tambÃ©m, que hÃ¡ vÃ¡rias maneiras diferentes de calcular essas estatÃ­sticas no Python e em outras linguagens, mas essas sÃ£o algumas das mais fÃ¡ceis para pessoas que estÃ£o iniciando suas trajetÃ³rias com a programaÃ§Ã£o!

Caso vocÃª queira aprender mais sobre o bÃ¡sico do Python e os principais pacotes para turbinar suas anÃ¡lises, dÃª uma olhadinha no nosso canal do Youtube e nos nossos Ãºltimos artigos no Medium! (acesse o link na bio!) ğŸ˜‰

#python #feadev #usp #fea #programacao",97,8,2021-10-05 21:36:51,fea.dev,32518466002,,False,,"['python', 'feadev', 'usp', 'fea', 'programacao']",[]
69,CUazopxLCGb,"[ARTIGO Breve AnÃ¡lise de NÃºcleos de InflaÃ§Ã£o Utilizando Python - Link na bio! ğŸ“°]

Fala, devs! Beleza? Com certeza vocÃªs perceberam que houve uma alta nos preÃ§os de itens bÃ¡sicos consumo durante os Ãºltimos meses, nÃ©? ğŸ¤”

Isso estÃ¡ relacionado Ã  inflaÃ§Ã£o e Ã  participaÃ§Ã£o de cada item na cesta de consumo. Assim, saber o que sÃ£o os nÃºcleos de inflaÃ§Ã£o e como eles sÃ£o calculados nos possibilita entender mais sobre esse processo de elevaÃ§Ã£o dos preÃ§os! ğŸ“ˆ

Por isso, o FEA.dev traz no nosso mais novo artigo, escrito por Emilly Meneses, Lucas Oliveira, Kevyn Marcelino e Thais Cordeiro, uma breve anÃ¡lise dos nÃºcleos inflacionÃ¡rios nos Ãºltimos 11 anos utilizando o Python! 

Quer saber mais sobre os nÃºcleos de inflaÃ§Ã£o sÃ£o calculados e o processo de elevaÃ§Ã£o generalizada de preÃ§os impacta nossa economia? EntÃ£o *acesse o texto na Ã­ntegra atravÃ©s do link na nossa bio*! Boa leitura! â˜ºï¸",56,7,2021-09-29 20:24:48,fea.dev,32518466002,,False,,[],[]
70,CUTOmizr0qc,"[PARCERIA FEA.dev / Motim]

ğŸ—“ï¸ Cronograma de capacitaÃ§Ãµes:
27/09 - Excel
29/09 - VBA
04/09 - Power BI
06/09 - Processos Seletivos de EstÃ¡gio

â±ï¸ Corra que as inscriÃ§Ãµes se encerram amanhÃ£ (27/09) Ã s 19h!

Fala, devs! beleza? Ã‰ com muita satisfaÃ§Ã£o que o FEA.dev vem anunciar que Ã© o mais novo parceiro da Motim (@motimquebreogiz)! ğŸ¥³

VocÃª jÃ¡ ficou na dÃºvida se estaria preparado para fazer um estÃ¡gio e entrar no mercado de trabalho de forma plena e confiante? ğŸ¤”

Durante nossa vida universitÃ¡ria, alÃ©m de estudar para o nosso prÃ³prio curso, Ã© necessÃ¡rio expandir os conhecimentos e manter-se atualizado nos meios que podem facilitar, otimizar e agregar ao futuro dia a dia de trabalho. Em razÃ£o disso, a @motimquebreogiz busca capacitar universitÃ¡rios em Excel, VBA e Power BI, alÃ©m de abordar outros temas super importantes de processos seletivos, estÃ¡gio e carreira!

Se vocÃª se interessou pelo assunto, dÃª um check no instagram deles para se destacar nas ferramentas e nos  processos seletivos, assim, tornando-se mais preparado e confiante em seus caminhos e experiÃªncias profissionais.

Caso queira participar Ã© sÃ³ entrar no link motim.me/inscricao e por que foi convidado por nÃ³s do FEA.dev! Mas atenÃ§Ã£o que as inscriÃ§Ãµes se encerram amanhÃ£ Ã s 13h, entÃ£o corra para conseguir sua vaga! ğŸ¤©ğŸš€

#motimcapacitaÃ§Ã£o #Excel #VBA #PowerBI #ProcessoSeletivo #feadev #usp",47,1,2021-09-26 21:46:31,fea.dev,32518466002,,False,,"['motimcapacitaÃ§Ã£o', 'excel', 'vba', 'powerbi', 'processoseletivo', 'feadev', 'usp']","['motimquebreogiz', 'motimquebreogiz']"
71,CUOJnBnrXVi,"GestÃ£o FEA.dev 2021.2 ğŸ›ï¸

O FEA.dev surgiu no inÃ­cio de 2019 com o objetivo de conectar os estudantes da nossa universidade com o universo da programaÃ§Ã£o. Nesses pouco mais de 2 anos de existÃªncia, promovemos diversos workshops, cursos e eventos, tudo isso para impactar as trajetÃ³rias acadÃªmicas e profissionais dos nossos queridos feanos!

A nova gestÃ£o carregarÃ¡ esse legado, buscando dar continuidade Ã  constante inovaÃ§Ã£o que guia o FEA.dev atravÃ©s de suas diferentes formas de atuaÃ§Ã£o. Agradecemos, tambÃ©m, a todos aqueles que nos apoiaram durante esse tempo e que continuam assistindo nossos vÃ­deos, comparecendo Ã s aulas dos nossos cursos e compartilhando a paixÃ£o por programar e democratizar o conhecimento! ğŸ’›",92,5,2021-09-24 22:26:41,fea.dev,32518466002,,False,,[],[]
72,CUI6ZYwA9LC,"Fala devs, beleza? 
Como primeiro post da nossa sÃ©rie do FEA.dev indica, vamos ensinar vocÃªs (em menos de um minuto!) a como baixar o Python! Assim, vocÃª nÃ£o terÃ¡ mais desculpas para nÃ£o iniciar sua jornada na programaÃ§Ã£o. ğŸ˜‰
Curta o vÃ­deo, compartilhe com seus amigos e bora programar! ğŸ˜ğŸš€
.
.
PS: acesse nosso canal do YouTube para continuar evoluindo nos seus estudos de programaÃ§Ã£o! 
.
.
.
.
.
.
#python #tutorial #feadev #usp #programacao",91,10,2021-09-22 21:48:40,fea.dev,32518466002,1850.0,True,,"['python', 'tutorial', 'feadev', 'usp', 'programacao']",[]
73,CTnddQSLB-c,"Setembro Amarelo ğŸ—“ï¸ğŸ’›- MÃªs da PrevenÃ§Ã£o ao SuicÃ­dio
 
Vivemos um perÃ­odo delicado: ansiedade, depressÃ£o e a instabilidade do momento Ã s vezes parecem quase impossÃ­veis de suportar quando se somam com rotinas de agendas lotadas e problemas pessoais.
Por isso, nÃ³s, do FEA.Dev, queremos enfatizar uma importante mensagem: vocÃª nÃ£o estÃ¡ sozinho! Existem canais de serviÃ§os especializados que, somados Ã  ajuda de amigos e familiares, podem te ajudar nesses momentos.

Abaixo, deixamos os contatos de alguns deles:
- CVV (Centro de ValorizaÃ§Ã£o da Vida): 188
- Acolhe USP: acolheusp@usp.br ou (11) 3091-8345
- EscritÃ³rio de SaÃºde Mental da PrÃ³-Reitoria de GraduaÃ§Ã£o da USP: escritoriodesaudemental@usp.br

O cÃ³digo utilizado no vÃ­deo (e presente na terceira imagem), pode ser acessado no nosso GItHub atravÃ©s do link na bio!",100,6,2021-09-09 21:49:44,fea.dev,32518466002,,False,,[],[]
74,CTX29PfL8pe,"Fala, devs! Beleza? 
VocÃª gostaria de turbinar suas anÃ¡lises de dados usando o melhor que o Python tem a oferecer? EntÃ£o se liga nas dicas de bibliotecas que o FEA.dev preparou para vocÃª! ğŸ‘‰

E para dar seus primeiros passos usando esses pacotes, acesse o link na bio para acessar os vÃ­deos disponÃ­veis no nosso canal do YouTube! LÃ¡ vocÃª encontrarÃ¡ tutoriais de Pandas e Numpy feitos pelo FEA.dev especialmente para vocÃª, feano! ğŸ˜Š

.
.
.
.
.
#cienciadedados #pandas #numpy #usp #feadev",82,4,2021-09-03 20:24:43,fea.dev,32518466002,,False,,"['cienciadedados', 'pandas', 'numpy', 'usp', 'feadev']",[]
75,CTDULBwLIyk,"Fala, devs! Beleza? O FEA.dev preparou uma dica de programaÃ§Ã£o pra vocÃªs, se liga! ğŸ‘‡ğŸ˜
Se vocÃª jÃ¡ se deparou com uma situaÃ§Ã£o em que foi necessÃ¡rio analisar sÃ©ries histÃ³ricas dos preÃ§os de uma (ou vÃ¡rias) aÃ§Ãµes, vocÃª muito provavelmente teve que lidar com bases de dados gigantes e pouco otimizadas.
AtravÃ©s do Python, Ã© possÃ­vel usar a biblioteca yfinance para importar dados nacionais e internacionais diretamente da base do Yahoo! Finance de forma fÃ¡cil e rÃ¡pida. ğŸ“Š
Com somente 4 linhas de cÃ³digo, vocÃª consegue acompanhar os preÃ§os de fechamento do seu papel escolhido pela quantidade de tempo que vocÃª quiser! Muito massa, nÃ©?

E, caso vocÃª queria aprender mais sobre como usar python no mundo das finanÃ§as, no canal da FEA.dev no youtube tem uma playlist incrÃ­vel que com certeza vai te ajudar, Ã© sÃ³ acessar o link na bio ğŸ˜Š
.
.
.
.
.
.
#finanÃ§as #finquant #python #usp #fea.dev",113,8,2021-08-26 20:55:57,fea.dev,32518466002,,False,,"['finanÃ§as', 'finquant', 'python', 'usp', 'fea.dev']",[]
76,CSxRjZOr4WF,"Fala, devs! Beleza?
VocÃª jÃ¡ deve ter ouvido falar em Machine Learning, nÃ©?  Mas sabe o que isso significa de verdade? ğŸ¤”
Se ainda nÃ£o, segue o nosso post pra ficar ligado! ğŸ‘‡

Machine Learning â€“ ou aprendizado de mÃ¡quina â€“ Ã© um recurso de InteligÃªncia Artificial (IA) que permite que um sistema aprenda e melhore a realizaÃ§Ã£o de alguma tarefa mesmo sem ter sido explicitamente programado! ğŸ‘¨â€ğŸ’»

O processo de aprendizagem Ã© realizado de trÃªs formas principais: Supervisionada, NÃ£o Supervisionada e de ReforÃ§o.

1) O ""aprendizado supervisionado"" se inicia com a interferÃªncia direta de um humano, que fornece um banco de dados que mostrarÃ¡ Ã  mÃ¡quina como reconhecer certos padrÃµes. Portanto, basicamente, ela tentarÃ¡ prever uma variÃ¡vel dependente a partir de variÃ¡veis independentes. Vale ressaltar que, como a mÃ¡quina aprende a partir de um conjunto de dados prÃ©-determinados, no final, ela pode acabar sendo induzida por um viÃ©s humano. 

2) JÃ¡ o ""aprendizado nÃ£o supervisionado"" Ã© caracterizado pelo fato de a mÃ¡quina analisar dados e tentar identificar, sozinha, os padrÃµes. Esse processo Ã© demorado, pois a mÃ¡quina lida com informaÃ§Ãµes nunca utilizadas. 

3) Por Ãºltimo, no ""aprendizado por reforÃ§o"" a mÃ¡quina tenta aprender qual a melhor aÃ§Ã£o a ser tomada, se baseando em sua experiÃªncia de tentativa e erro.

Curtiu o conteÃºdo? EntÃ£o segue a gente nas redes sociais e nÃ£o se esqueÃ§a de dar uma passadinha no nosso canal do Youtube, lÃ¡ temos um workshop de KNN esperando por vocÃªs! 
Agradecemos sua atenÃ§Ã£o e atÃ© a prÃ³xima!! ğŸ˜ğŸš€
.
.
.
.
.
#programaÃ§Ã£o #inteligenciaartificial #machinelearning #usp #feadev",72,4,2021-08-19 20:46:44,fea.dev,32518466002,,False,,"['programaÃ§Ã£o', 'inteligenciaartificial', 'machinelearning', 'usp', 'feadev']",[]
77,CRST3NsLCVb,"Edgard Lopes:

""HÃ¡ 10 meses atrÃ¡s, quando ingressei no FEA.dev meu objetivo era aprender e aplicar programaÃ§Ã£o. E hoje, vejo que esta entidade foi uma experiÃªncia de vida em meses. A programaÃ§Ã£o em si Ã© uma professora, ela te ensina em um cÃ³digo a ser lÃ³gico, organizado e metÃ³dico. E o FEA.dev te ensina a passar essas soft skills para outras tarefas da vida. AlÃ©m disso, melhorou minha comunicaÃ§Ã£o, empatia e meu senso de dono. 
Ademais, essa maravilhosa trilha me ajuda na vida acadÃªmica, possibilitando otimizar minhas tarefas; no estÃ¡gio, ajudando em meus relacionamentos profissionais, juntamente com a programaÃ§Ã£o sendo o meu diferencial; na minha vida, auxiliando a decidir meus objetivos e dar motivaÃ§Ã£o para aprender para ensinar e ensinar para aprender.""

.
.
.
.

OlÃ¡ Devs! Estamos trazendo para vocÃªs mais um post da nossa campanha do Programe. Desta vez, trouxemos um breve relato de nosso querido Eddy, diretor de RH do FEA.dev.
Se assim como o Eddy vocÃª sente que o FEA.dev te ajudou de alguma forma, ou que o nosso conteÃºdo jÃ¡ te proporcionou alguma vantagem na universidade ou no trabalho, nÃ£o hesite em entrar em contato conosco e tenha seu depoimento publicado!",85,6,2021-07-13 23:39:04,fea.dev,32518466002,,False,,[],[]
78,CQ9QFUTr2vb,"Fala devs, beleza? 

Estamos iniciando o perÃ­odo de inscriÃ§Ãµes para o nosso mais novo curso de Python feito para COMUNIDADE FEANA. O melhor de tudo Ã© que ele Ã© totalmente GRATUITO!

Se vocÃª sempre quis aprender Python para utilizar nas suas atividades acadÃªmicas e profissionais, mas nÃ£o sabia por onde comeÃ§ar, entÃ£o essa Ã© sua oportunidade!

Para mais informaÃ§Ãµes, acessem nosso link na bio. LÃ¡ vocÃª encontrarÃ¡ tanto o nosso Edital do Curso quanto o Forms de InscriÃ§Ã£o.

Estamos ansiosos para programar com vocÃªs! ğŸ’›",171,7,2021-07-05 19:21:59,fea.dev,32518466002,,False,,[],[]
79,CQwkK_qDT_3,"No dia 23/06, Evelyn Mendes, mulher transexual e profissional da Ã¡rea de TI desde 2002, nos trouxe discussÃµes referentes tanto ao seu trabalho, quanto Ã  sua experiÃªncia como parte da comunidade LGBT. Na entrevista, Evelyn conta sobre toda sua trajetÃ³ria, desde seu interesse pela tecnologia que despertou sua vontade por programar, atÃ© seu aprendizado, as diferenÃ§as entre o presente e o passado na programaÃ§Ã£o e sua vida no mercado de trabalho. Ademais, Evelyn discute sobre intolerÃ¢ncia e preconceito. Hoje, dia 30/06, ao final do mÃªs LGBT, trazemos a entrevista para lembrar que todo dia Ã© dia de celebrar as diversidades e nÃ£o apenas isso: todo dia Ã© dia de ouvir, compartilhar e aprender com novas ideias!

** Para conferir a entrevista completa, basta acessar nosso canal do Youtube no link da Bio **",35,5,2021-06-30 21:09:36,fea.dev,32518466002,293.0,True,,[],[]
80,CQek2BSBjpS,"Alice Dias:

""Com algum sacrifÃ­cio, comecei a aprender inglÃªs com 8 anos porque meus pais acreditavam que dominar outras lÃ­nguas era a coisa mais significativa que um estudante poderia fazer. De alguma forma, reconheciam a importÃ¢ncia de criar essa base para mudar as perspectivas durante a formaÃ§Ã£o. Eles estavam certos, realmente Ã© esclarecedor, mas nÃ£o apenas se aplica as linguagens humanas.
A programaÃ§Ã£o hoje em dia Ã© tÃ£o fundamental quanto a prÃ³pria comunicaÃ§Ã£o verbal. Independentemente da Ã¡rea que vocÃª escolhe seguir, de algum modo vai encontrar necessidade de dominar a lÃ³gica. Ã‰ impossÃ­vel construir qualquer conhecimento atualmente sem os dados da mÃ¡quina, seja por sua eficiÃªncia ou praticidade.
Quando percebi isso, busquei me aproximar desse universo, que realmente Ã© desafiador, especialmente para minorias. O nÃºmero de mulheres na programaÃ§Ã£o ainda estÃ¡ longe do ideal, mas sinto que preciso comeÃ§ar de algum lugar. Eu sei que minha influÃªncia Ã© pequena, mas atravÃ©s do FEA.dev ela passou a existir. A programaÃ§Ã£o mudou a minha vida porque hoje, alÃ©m de obter novos conhecimentos que me posicionam muito bem no mercado, represento algo para as mulheres dentro da FEA, e sou muito grata por isso.""

.
.
.
.

OlÃ¡ Devs! Estamos trazendo para vocÃªs mais um post da nossa campanha do Programe. Desta vez, trouxemos um breve relato de nossa querida Alice, co-diretora do grupo de estudos de VBA.
Se assim como a Alice vocÃª sente que o FEA.dev te ajudou de alguma forma, ou que o nosso conteÃºdo jÃ¡ te proporcionou alguma vantagem na universidade ou no trabalho, nÃ£o hesite em entrar em contato conosco e tenha seu depoimento publicado!",107,10,2021-06-23 21:26:56,fea.dev,32518466002,,False,,[],[]
81,CQPGCDxDdlC,"O sucesso e a importÃ¢ncia de Turing como matemÃ¡tico Ã© notÃ¡vel. O seu papel de Decifrador de CÃ³digos, na Segunda Guerra Mundial, fez com que as estratÃ©gias do Eixo fossem desmascaradas e os Aliados tivessem grande vantagem. 
No entanto, na Ã©poca, seu paÃ­s nÃ£o reconheceu seu mÃ©rito pelo fato de ele ser homossexual. AtÃ© 1967, a homossexualidade era crime na Inglaterra e Turing foi condenado: sua pena foi castraÃ§Ã£o quÃ­mica. 
A histÃ³ria de Turing mostra como a homofobia pode acabar com grandes pessoas, com um imenso potencial, simplesmente por sua preferÃªncia sexual. Sua histÃ³ria deve ser lembrada, para que ninguÃ©m mais sofra como Turing sofreu, e como inÃºmeras outras pessoas sofreram e ainda sofrem. A luta pela causa LGBTQIA+ continua, o mundo ainda nÃ£o Ã© como gostarÃ­amos. Fazemos essa publicaÃ§Ã£o em homenagem a Alan Turing, a suas imensas contribuiÃ§Ãµes para a ciÃªncia, e ao mÃªs do orgulho LGBTQIA+",93,1,2021-06-17 21:09:06,fea.dev,32518466002,,False,,[],[]
82,CQGwk8nB6Gj,"--- SEJAM BEM VINDOS! ---
Ã‰ com muito prazer que apresentamos os novos membros do FEA.DEV! Foram centenas de inscritos e um mÃªs repleto de entrevistas, correÃ§Ãµes de case e discussÃµes internas para que pudÃ©ssemos chegar  Ã  lista dos aprovados em nosso Processo Seletivo â­.

ParabÃ©ns aos membros! Contamos com vocÃªs para contribuir com uma base de programaÃ§Ã£o cada vez mais presente na FEA.
Aos nÃ£o selecionados, nÃ£o desanimem! A programaÃ§Ã£o oferece diversos outros caminhos e ferramentas para o aprendizado. 
Novidades em breve! ğŸ",110,11,2021-06-14 15:27:42,fea.dev,32518466002,,False,,[],[]
83,CP6YAdCgw5r,"Finalizando a nossa sequÃªncia de vÃ­deos ""Desigualdade de gÃªnero na Ã¡rea da tecnologia sob trÃªs pontos de vista"", Monique Sampaio, COO & Managing Partner na Lakewood Investment Management, conta um pouco sobre o seu primeiro contato com a programaÃ§Ã£o, a importÃ¢ncia que esse tipo de conhecimento teve para a construÃ§Ã£o da sua carreira e sobre a situaÃ§Ã£o de desigualdade de gÃªnero que ocorre, nÃ£o sÃ³, na Ã¡rea do mercado financeiro, mas, tambÃ©m, na Ã¡rea da programaÃ§Ã£o.

Esse Ã© o vÃ­deo 3/3, confira tambÃ©m no nosso IGTV nossos dois vÃ­deos anteriores com o relato da professora universitÃ¡ria, Daielly Mantovani, e da aluna da FEAUSP Isabela Donadelli.

CrÃ©ditos de ediÃ§Ã£o e produÃ§Ã£o dessa trilogia: LaÃ­s Vallina
@laisvallina_gina",36,2,2021-06-09 20:08:57,fea.dev,32518466002,369.0,True,,[],['laisvallina_gina']
84,COloW3gBrOV,"VocÃª sabe o que Ã© Open Banking? JÃ¡ parou para pensar nos benefÃ­cios que podem ser gerados para os clientes e instituiÃ§Ãµes financeiras quando seus dados sÃ£o compartilhados atravÃ©s de extensas bases de dados? 
Pois Ã©, essa nova modalidade vem  impactando o sistema financeiro de diversos paÃ­ses de forma muito positiva. Ao agregar tecnologia e eficiÃªncia ao setor financeiro, o Open Banking Ã© capaz de gerar mais autonomia e independÃªncia para todos os usuÃ¡rios!

Quer saber mais sobre como essa tendÃªncia funciona e o que significa em um mundo onde as transaÃ§Ãµes sÃ£o cada vez mais digitais e descentralizadas? Use o link da bio para acessar o nosso artigo! ğŸ’›ğŸš€
.
.
.
.
.
#openbanking #finance #technology
#feadev #usp",63,0,2021-05-07 22:09:32,fea.dev,32518466002,,False,,"['openbanking', 'finance', 'technology', 'feadev', 'usp']",[]
85,COLwyCXBCT-,"AGORA O FEADEV TEM UM CANAL NO TELEGRAM!!! ğŸ¤©ğŸ¤©ğŸ¤©

Se vocÃª estÃ¡ interessado em receber notÃ­cias em primeira mÃ£o sobre nossos workshops, aulÃµes e artigos, estar alinhado com as principais notÃ­cias do universo da programaÃ§Ã£o e dos negÃ³cios e, alÃ©m disso, ter a oportunidade de estar em contato com a gente e com universitÃ¡rios com interesses em comum, entÃ£o nÃ£o perca essa oportunidade e entre no nosso chat! Confira o link da bio! ğŸ’›ğŸš€",33,0,2021-04-27 21:02:54,fea.dev,32518466002,,False,,[],[]
86,COBcI6eB4Uk,"VocÃª sabe o que sÃ£o metadados? JÃ¡ parou para pensar nas vulnerabilidades que eles podem gerar? Ã‰ bem provÃ¡vel que enquanto vocÃª lÃª isto, metadados que carregam alguma informaÃ§Ã£o sobre as suas atividades estejam sendo gerados e transmitidos pela rede. Por isso, Ã© necessÃ¡rio saber como suas informaÃ§Ãµes podem ser usadas e como minimizar externalidades.

Quer saber mais sobre como isso funciona e o que significa em um mundo onde cada vez mais decisÃµes sÃ£o tomadas a partir de grandes quantidades de dados? Use o link da bio para acessar o nosso artigo no Medium! ğŸš€
.
.
.
.
.
.

#metadados #seguranÃ§adainformaÃ§Ã£o #espionagem #redes #tecnologia",52,0,2021-04-23 20:50:07,fea.dev,32518466002,,False,,"['metadados', 'seguranÃ§adainformaÃ§Ã£o', 'espionagem', 'redes', 'tecnologia']",[]
87,CNkLDGXhCjZ,"Ao longo da histÃ³ria, sempre houveram pessoas tentando tirar vantagem em cima de outras, seja por ganÃ¢ncia, competitividade ou, atÃ© mesmo, questÃµes sexistas. Foi isso que aconteceu com essas cinco mulheres - e muitas outras! - que destacamos no post. 
Grandes descobertas, invenÃ§Ãµes e estudos foram descredibilizados por questÃµes de gÃªnero. Alguns sequer acreditavam que uma mulher poderia realizar tal grandiosidade, como foi o caso de Ada Lovelace. 

NÃ£o deixe que outras pessoas desacreditem do seu potencial! Se junte a nÃ³s para desenvolver mais uma habilidade ğŸ’›.
#herdev #progrAme #usp",82,3,2021-04-12 12:02:48,fea.dev,32518466002,,False,,"['herdev', 'programe', 'usp']",[]
88,CNTA-mXhlYE,,57,0,2021-04-05 20:07:43,fea.dev,32518466002,,False,,[],[]
89,CMvEM0OByYR,"[AS INSCRIÃ‡Ã•ES PARA O PROCESSO SELETIVO DO FEA.DEV ESTÃƒO ABERTAS!]

Se vocÃª Ã© um estudante da USP apaixonado por aprender e acha que a programaÃ§Ã£o pode fazer a diferenÃ§a no estudo de negÃ³cios, entÃ£o venha fazer histÃ³ria conosco!

VocÃª nÃ£o precisa ter conhecimento prÃ©vio sobre programaÃ§Ã£o ou finanÃ§as, basta ser determinado e acreditar no potencial transformador da educaÃ§Ã£o! 

Dentro do FEA.dev, desenvolvemos projetos sobre os mais diversos temas dentro do nosso escopo. Tudo aquilo que Ã© produzido, por fim, retorna Ã  comunidade universitÃ¡ria atravÃ©s de workshops, aulÃµes, artigos e eventos. ğŸ’›

ACESSE O LINK DA BIO PARA FAZER A INSCRIÃ‡ÃƒO PARA O NOSSO PROCESSO SELETIVO! ğŸ˜ğŸš€",66,1,2021-03-22 21:03:12,fea.dev,32518466002,,False,,[],[]
90,CMSoAjJhPj-,"Tiago Sobreira:
â€œEu fui um dos membros fundadores no Fea.Dev quando estava no segundo ano da faculdade. No inÃ­cio faltava tÃ©cnica, mas sobrava vontade, entÃ£o os primeiros meses foram extremamente produtivos em termos de aprendizado. Toda semana eu conseguia aprender um novo conceito ou mÃ©todo para resolver problemas cada vez mais instigantes. Minha motivaÃ§Ã£o foi sempre resolver problemas cada vez mais complexos e usar o conhecimento adquirido para melhorar o debate na FEA sobre linguagens de programaÃ§Ã£o.
Â Â Â Â Â Â Â Â Â Â Â Â Â Â Â  AlÃ©m de algumas linhas no currÃ­culo, o Fea.Dev me ajudou a construir valores. O desejo de aprender cada vez mais e de contribuir de alguma forma para a comunidade ao meu redor. Atualmente, trabalho na Ã¡rea de consultoria macroeconÃ´mica e desejo continuar na Ã¡rea. Apesar da Ã¡rea lidar com o gerenciamento de base de dados e construÃ§Ã£o de modelos estatÃ­sticos, poucas pessoas realmente sabem programaÃ§Ã£o. Desta forma, acredito que este conhecimento seja um grande diferencial tanto para os profissionais da Ã¡rea, como tambÃ©m para as empresas que empregam tais profissionais.â€

.
.
.
.
.
Â 
OlÃ¡ Devs! Estamos trazendo para vocÃªs mais um post da nossa campanha do Programe. Desta vez, trouxemos um breve relato de um dos nossos queridos fundadores, Tiago Sobreira.
Se assim como o Tiago vocÃª sente que o FEA.dev te ajudou de alguma forma, ou que o nosso conteÃºdo jÃ¡ te proporcionou alguma vantagem na universidade ou no trabalho, nÃ£o hesite em entrar em contato conosco e tenha seu depoimento publicado!",51,0,2021-03-11 19:58:08,fea.dev,32518466002,,False,,[],[]
91,CMDTvz6hKjS,"VocÃªs pediram e a biblioteca do FEA.dev chegou!

Um dos princÃ­pios da nossa organizaÃ§Ã£o Ã© o de difundir e democratizar o conhecimento sobre programaÃ§Ã£o e negÃ³cios com a nossa comunidade. A fim de reproduzir aquilo que estudamos dentro do dev para vocÃªs, lanÃ§amos nossa biblioteca digital! Nela, vocÃª poderÃ¡ encontrar recomendaÃ§Ãµes de livros sobre finanÃ§as quantitativas, econometria, estatÃ­stica, inteligÃªncia artificial e machine learning aplicado a negÃ³cios â€“ tudo, Ã© claro, conectado ao universo da programaÃ§Ã£o! ğŸ˜ğŸš€

[Link na Bio]

E aÃ­, jÃ¡ teve contato com algum livro que indicamos? Tem alguma sugestÃ£o de livro/paper que possamos indicar? Comente abaixo!
.
.
.
.
.
#biblioteca #fea #quant #python #rstats",73,0,2021-03-05 21:12:28,fea.dev,32518466002,,False,,"['biblioteca', 'fea', 'quant', 'python', 'rstats']",[]
92,CKzmfMJBosO,"Dando continuidade Ã  campanha Programe â€“ que tem por objetivo promover os benefÃ­cios acadÃªmicos, profissionais e pessoais do conhecimento sobre programaÃ§Ã£o â€“, iniciaremos a apresentaÃ§Ã£o de depoimentos de pessoas que, de diferentes formas, foram impactadas pelo conteÃºdo produzido pelo FEA.dev, seja com os nossas atividades internas, vÃ­deos, publicaÃ§Ãµes ou workshops.

Diego Lotterman:
""Aprender programaÃ§Ã£o no FEA.dev foi um divisor de Ã¡guas em minha vida. 
Primeiro, o Ã³bvio. Esse conhecimento me permitiu automatizar muitas tarefas em meu trabalho e, portanto, conseguir gerar um dos ativos mais valiosos (se nÃ£o o mais) de minha vida: o tempo!
Mais do que isso, a programaÃ§Ã£o Ã© uma ferramenta de constante evoluÃ§Ã£o que potencializa em escalas absurdas meus conhecimentos da Ã¡rea de negÃ³cios e de economia. NÃ£o hÃ¡ nada mais gratificante que modelar e experimentar na prÃ¡tica o seu objeto de estudo fim, e a programaÃ§Ã£o permite isso.""
.
.
.
.
.

VocÃª sente que o FEA.dev te ajudou de alguma forma? Nosso conteÃºdo jÃ¡ te proporcionou alguma vantagem na universidade ou no trabalho? Se a resposta for sim, nÃ£o hesite em entrar em contato conosco e tenha seu depoimento publicado!",108,7,2021-02-02 22:16:59,fea.dev,32518466002,,False,,[],[]
93,CKkDRDOhAtg,"Cada um de nÃ³s seguimos caminhos e objetivos diferentes durante a nossa carreira profissional. Mas nÃ£o importa o que escolhemos, sempre estamos nos esforÃ§ando ao mÃ¡ximo pelo que acreditamos e buscando aprimoramento. Por isso, PROGRAME e construa a sua carreira.",69,3,2021-01-27 21:20:58,fea.dev,32518466002,413.0,True,,[],[]
94,CIgrNF5BO9O,"JÃ¡ esteve curioso sobre como a programaÃ§Ã£o pode auxiliar a transaÃ§Ã£o de ativos financeiros, o famoso Trading? Em artigo para o medium do FEA.dev, nosso membro Lucas Matsuda relata como utilizou Python para testar a performance de uma estratÃ©gia de investimentos! Que tal dar uma conferida e de quebra aprender um pouco sobre finanÃ§as quantitativas e o que Ã© um Backtest? 

Link na bio! ğŸš€",75,0,2020-12-07 20:49:51,fea.dev,32518466002,,False,,[],[]
95,CIT7q79hqcQ,"As pessoas tendem a imaginar a programaÃ§Ã£o como algo muito alÃ©m do entendimento comum. Telas da Matrix, hackers escrevendo cÃ³digos aleatÃ³rios numa velocidade sobrehumana... e todas essas visualizaÃ§Ãµes distorcem a realidade. Programadores sÃ£o pessoas comuns, com a curiosidade e coragem de enfrentar o desconhecido - que estÃ¡ cada vez mais presente em nossas rotinas. 
NÃ£o importa se vocÃª Ã© um executivo, um mecÃ¢nico ou um chef, a programaÃ§Ã£o te ajuda a se tornar um profissional melhor ao ampliar perspectivas e possibilidades no dia-a-dia, trabalhar com criatividade na implementaÃ§Ã£o de novas soluÃ§Ãµes e tornando os processos mais inteligentes - e simples - possÃ­veis. 
Se envolva com a mente aberta e vontade de explorar, e as liÃ§Ãµes que vocÃª aprenderÃ¡ ao longo do caminho abrirÃ£o portas que, atÃ© entÃ£o, vocÃª nunca imaginava. 

Construa sua carreira. Programe.",79,1,2020-12-02 22:03:58,fea.dev,32518466002,373.0,True,,[],[]
96,CH8szvFhQlY,"VocÃª sabia que o Banco Central tambÃ©m Ã© responsÃ¡vel por ser transparente sobre uma sÃ©rie de dados sobre ativos financeiros? E por que parece tÃ£o difÃ­cil achar esses dados? 
A verdade Ã© que essa tarefa se torna muito mais fÃ¡cil com um conhecimento bÃ¡sico de Python! 
Em texto para o medium do FEA.dev, nosso membro JoÃ£o Victor Araujo ensina como manipular a API de sÃ©ries temporais do Banco Central para fazer isso de forma simples e rÃ¡pida. Que tal dar uma conferida?? ğŸš€",107,7,2020-11-23 21:31:12,fea.dev,32518466002,,False,,[],[]
97,CEsOGIKhvsP,"SEJAM MUITO BEM VINDES AO TIME!!!

Ã‰ com muita alegria que o FEA.dev anuncia a entrada de seus novos membros! ğŸ¥³ğŸ‰ğŸ¤©

Foi uma seleÃ§Ã£o extremante difÃ­cil e concorrida, passando por cases, dinÃ¢micas e entrevistas. ğŸ¤”

Ficamos extremamente felizes com o resultado e estamos empolgados para por a mÃ£o na massa! ğŸ¤–ğŸ’»ğŸš€",121,12,2020-09-03 22:20:48,fea.dev,32518466002,,False,,[],[]
98,CEkdP49BwhV,"Continuando a sequÃªncia de vÃ­deos ""Desigualdade de gÃªnero na Ã¡rea da tecnologia sob trÃªs pontos de vista"", Isabela Donadelli, aluna de ciÃªncias atuariais da FEAUSP e diretora de marketing do FEA.dev, conta um pouco sobre seu primeiro contato com a programaÃ§Ã£o e a importÃ¢ncia da visibilidade de exemplos femininos como forma de encorajamento e empoderamento. 

DÃª uma conferida no vÃ­deo 2/3 dessa sequÃªncia!",78,13,2020-08-31 22:04:47,fea.dev,32518466002,508.0,True,,[],[]
99,CEaFqkphoQi,"Dando inÃ­cio a sÃ©rie de vÃ­deos ""Desigualdade de gÃªnero na Ã¡rea da tecnologia sob trÃªs pontos de vista"", da campanha HER.dev, Daielly Mantovani, professora doutora de anÃ¡lise de dados do departamento de administraÃ§Ã£o da casa, nos trarÃ¡ sua visÃ£o dos impactos do gap de gÃªnero existente na academia e da prejudicialidade da falta de incentivos direcionados Ã s mulheres, que Ã© evidenciada no futuro.

Confira, entÃ£o, o 1/3 dessa sequencia de videos!",40,3,2020-08-27 21:30:55,fea.dev,32518466002,254.0,True,,[],[]
100,CEILtN4hMq7,"Em mais uma iniciativa do HER.dev, convidamos trÃªs mulheres em posiÃ§Ãµes de lideranÃ§a para discorrer sobre suas opiniÃµes quanto ao gap de gÃªnero na Ã¡rea da tecnologia. SÃ£o visÃµes do mesmo assunto sob Ã¢ngulos diferentes: academia, mercado de trabalho e graduaÃ§Ã£o. 

Agradecemos a Daielly Mantovani, professora doutora de anÃ¡lise de dados da FEA/USP; Monique Sampaio, COO na Lakewood Investment Management; e Isabela Donadelli, aluna de CiÃªncias atuariais e diretora de marketing no FEA.dev. 

Teve curiosidade? DÃ¡ uma conferida no nosso trailer e nos acompanhe nas redes sociais!",50,4,2020-08-20 22:31:07,fea.dev,32518466002,279.0,True,,[],[]
101,CDxGtBqBcln,"Hoje, 11 de agosto, Ã© comemorado o Dia Nacional do Estudante! A data celebra o direito bÃ¡sico do cidadÃ£o de ter educaÃ§Ã£o e acesso ao conhecimento.
O FEA.dev, que tem como um dos valores justamente a disseminaÃ§Ã£o de conteÃºdo atravÃ©s dos cursos, aulÃµes, lives ou workshops gravados, acredita que, no contexto em que o acesso Ã  educaÃ§Ã£o passa por limitaÃ§Ãµes, como o que estamos presenciando, a democratizaÃ§Ã£o do conhecimento se torna ainda mais valiosa!",83,4,2020-08-11 23:21:01,fea.dev,32518466002,,False,,[],[]
102,CC12JKMhrhe,"A todas as minas que possuem curiosidade, interesse ou/e  reconhecem a importancia da programaÃ§Ã£o: NÃ£o deixem que padrÃµes vigentes as desestimulem a programar, afinal, nossa capacidade para isso nÃ£o advÃ©m do gÃªnero, e sim de nossas competÃªncias!

Incentivamos muito sua inscriÃ§Ã£o e participaÃ§Ã£o no nosso processo seletivo, o espaÃ§o Ã© para todas!!

Link do formulÃ¡rio na bio! ğŸ’›ğŸš€ 
#yeswecan",38,0,2020-07-19 23:01:07,fea.dev,32518466002,,False,,['yeswecan'],[]
103,CCmLxMEBggf,"Ã‰ com muita empolgaÃ§Ã£o que anunciamos que as InscriÃ§Ãµes para o Processo Seletivo do FEA.dev estÃ£o abertas! 
Arraste para o lado para saber mais! 
Lembrando tambÃ©m que dia 17/07 (sexta-feira) Ã s 18h, teremos uma live de apresentaÃ§Ã£o institucional com nossos membros.
Link da inscriÃ§Ã£o e live institucional: escaneie o QR Code ou Link na nossa bio!
ğŸš€ğŸ˜ğŸ’›",49,1,2020-07-13 21:02:14,fea.dev,32518466002,,False,,[],[]
104,CChCkbLBLkp,"A tecnologia Ã© uma Ã¡rea de atuaÃ§Ã£o em que as oportunidades de participaÃ§Ã£o nunca foram iguais. Se enquadrando a isso, o nÃºmero de mulheres que programam e estÃ£o envolvidas nesse campo Ã© baixÃ­ssimo, tanto em Ã¢mbito estudantil quanto no mercado de trabalho; e se pensarmos nas mulheres que cursam alguma universidade de negÃ³cios e saibam programar, esse nÃºmero cai ainda mais. 
Por conta dessa percepÃ§Ã£o, o FEA.dev tomou iniciativa para tentar diminuir este gap de gÃªnero, criando a campanha HER.dev, que busca aproximar a cultura da programaÃ§Ã£o, em especial, Ã s estudantes da FEA, por meio de aÃ§Ãµes que gerem visibilidade de exemplos para inspiraÃ§Ã£o e incentivos ao inÃ­cio do aprendizado.
Entendemos que essa disparidade Ã© resultante de barreiras culturais provenientes do machismo, que sustentam uma imagem masculina da Ã¡rea da programaÃ§Ã£o. Assim, como todo o core da campanha, pretendemos fazer o mÃ¡ximo para mudar este paradigma, e reafirmar que lugar de mulher Ã© onde ela quiser!",87,4,2020-07-11 21:05:39,fea.dev,32518466002,,False,,[],[]
105,CBrBMRegm2c,"Com a intenÃ§Ã£o de criar uma forte rede de contatos entre estudantes e empresas para a disseminaÃ§Ã£o de conteÃºdo, conhecimento e experiÃªncias, o FEA.dev agora estÃ¡ no LinkedIn! Siga nossa pÃ¡gina e conecte-se com nossas ideias e atividades.
Link na bio!",46,3,2020-06-20 21:34:37,fea.dev,32518466002,,False,,[],[]
106,CA05Pz1A0Zk,"VocÃª jÃ¡ se perguntou como o logo do FEA.dev surgiu? ğŸ¤”
Nos primÃ³rdios, querÃ­amos ser criativos e ter um logo que transmitisse nossas ideias. Reunidos ao redor de uma mesa e tomando uma gelada na vivÃªncia, fizemos diversos esboÃ§os. AtÃ© que finalmente encontramos a figura perfeita!
O logotipo do FEA.dev Ã© formado pelas asas do Deus MercÃºrio, sÃ­mbolo da FEA/USP. O formato poligonal transmite a ideia de modernidade e tecnologia. As cores em dourado e a fonte representam riqueza e o mundo dos negÃ³cios. Finalmente, o mÃ©todo "".dev"" representa uma funÃ§Ã£o na programaÃ§Ã£o, dando a ideia que estamos ajudando a desenvolver a FEA nesse setor.
NÃ£o sabe o que sÃ£o mÃ©todos e funÃ§Ãµes e ficou curioso? 
Acesse nosso canal no YouTube pelo link na bio e descubra! ğŸš€",68,0,2020-05-30 21:06:13,fea.dev,32518466002,,False,,[],[]
107,B_YMlAmgx5C,"Visando trazer ferramentas Ãºteis do mundo da programaÃ§Ã£o para o contexto da FEA, iniciaremos uma sÃ©rie de workshops possibilitando o aprendizado e utilizaÃ§Ã£o dessas tÃ©cnicas. O primeiro terÃ¡ inÃ­cio na prÃ³xima semana e tratarÃ¡ de como extrair dados do Banco Central. Acesse e se inscreva no nosso canal do youtube (link na bio) e fique ligado nas nossas redes sociais!",40,1,2020-04-24 21:05:46,fea.dev,32518466002,,False,,[],[]
108,B-Vc6Mal_Hk,"O FEA.dev agora estÃ¡ no Instagram!

Sigam a gente para ficarem por dentro dos nossos conteÃºdos, eventos e tambÃ©m notÃ­cias do mundo da programaÃ§Ã£o! ğŸ˜ğŸ’»",43,6,2020-03-29 22:59:21,fea.dev,32518466002,,False,,[],[]
