,video_id,title,description,playlistId,viewCount,likeCount,commentCount,duration,playlistName,time,weekday,date
0,5e3JzRWGuBU,DIN√ÇMICA DO CANAL - ASSISTAM!,"Fala devs! Nesse v√≠deo explicamos a din√¢mica de v√≠deo do canal, que ser√° dividida em workshop e v√≠deos de pr√©-requisitos.

-------------------------------
REDES SOCIAIS
--------------------------------

Instagram: https://www.instagram.com/fea.dev/

Facebook: https://www.facebook.com/fea.dev/",PLiJqHBsOKi2eJy06w4xO4mYodI033zD_H,435,34,1, 00:01:36,Pr√© Requisito - Banco Central, 11:46:19,Friday,08/05/2020
1,aZuTq9yqZ1o,Introdu√ß√£o ao Python e o Anaconda,"Fala devs! Nesse v√≠deo Vamos ensinar voc√™s a instalar e entender o que √© o Python. E como instalar e utilizar o Anaconda.

Python: python.org
Anaconda: anaconda.org

--------------------------
REDES SOCIAIS
--------------------------

Instagram: https://www.instagram.com/fea.dev/

Facebook: https://www.facebook.com/fea.dev/",PLiJqHBsOKi2eJy06w4xO4mYodI033zD_H,3191,279,11, 00:08:57,Pr√© Requisito - Banco Central, 11:53:34,Friday,08/05/2020
2,aZuTq9yqZ1o,Introdu√ß√£o ao Python e o Anaconda,"Fala devs! Nesse v√≠deo Vamos ensinar voc√™s a instalar e entender o que √© o Python. E como instalar e utilizar o Anaconda.

Python: python.org
Anaconda: anaconda.org

--------------------------
REDES SOCIAIS
--------------------------

Instagram: https://www.instagram.com/fea.dev/

Facebook: https://www.facebook.com/fea.dev/",PLiJqHBsOKi2eJy06w4xO4mYodI033zD_H,3191,279,11, 00:08:57,Pr√© Requisito - Banco Central, 11:53:34,Friday,08/05/2020
3,m-Z3sV9n_7g,Como usar o PIP?,"Fala devs! Nesse v√≠deo vamos ensinar a como importar bibliotecas no Python utilizando o pip.

PyPI: https://pypi.org/
pip: https://pypi.org/project/pip/
-------------------------------
REDES SOCIAIS
--------------------------------

Instagram: https://www.instagram.com/fea.dev/

Facebook: https://www.facebook.com/fea.dev/",PLiJqHBsOKi2eJy06w4xO4mYodI033zD_H,568,23,1, 00:04:42,Pr√© Requisito - Banco Central, 17:21:58,Thursday,08/05/2020
4,E3rIweWzKrc,Criando Fun√ß√µes no Python - Parte 1,"Fala devs! Nesse v√≠deo vamos ensina-los a criar suas pr√≥prias fun√ß√µes.
Instagram: https://www.instagram.com/fea.dev/
Facebook: https://www.facebook.com/fea.dev/",PLiJqHBsOKi2eJy06w4xO4mYodI033zD_H,341,19,1, 00:12:33,Pr√© Requisito - Banco Central, 17:46:56,Thursday,08/05/2020
5,aqdpZf9EdaU,Criando Fun√ß√µes no Python - Parte 2,"Fala devs! Nesse v√≠deo vamos ensin√°-los como fazer sua fun√ß√£o retornar um objeto.
Instagram: https://www.instagram.com/fea.dev/
Facebook: https://www.facebook.com/fea.dev/",PLiJqHBsOKi2eJy06w4xO4mYodI033zD_H,184,10,0, 00:06:49,Pr√© Requisito - Banco Central, 17:52:11,Thursday,08/05/2020
6,09yuQzu7o7k,Introdu√ß√£o a Pandas - Python,"Fala devs! Nesse v√≠deo vamos introduzi-los as funcionalidades b√°sicas da biblioteca Pandas do Python.

Pandas: https://pandas.pydata.org/
-------------------------------
REDES SOCIAIS
--------------------------------

Instagram: https://www.instagram.com/fea.dev/

Facebook: https://www.facebook.com/fea.dev/",PLiJqHBsOKi2eJy06w4xO4mYodI033zD_H,869,54,9, 00:14:57,Pr√© Requisito - Banco Central, 18:01:30,Sunday,08/05/2020
7,09yuQzu7o7k,Introdu√ß√£o a Pandas - Python,"Fala devs! Nesse v√≠deo vamos introduzi-los as funcionalidades b√°sicas da biblioteca Pandas do Python.

Pandas: https://pandas.pydata.org/
-------------------------------
REDES SOCIAIS
--------------------------------

Instagram: https://www.instagram.com/fea.dev/

Facebook: https://www.facebook.com/fea.dev/",PLiJqHBsOKi2eJy06w4xO4mYodI033zD_H,869,54,9, 00:14:57,Pr√© Requisito - Banco Central, 18:01:30,Sunday,08/05/2020
8,mI8GMj3GzAE,Extraindo dados do Banco Central usando o Python,"Fala devs! Nesse v√≠deo vamos ensin√°-los a como extrair dados dados do Banco Central usando o Python.
Playlist Pr√©-requisitos: https://www.youtube.com/playlist?list=PLiJqHBsOKi2eJy06w4xO4mYodI033zD_H
Banco Central: https://www.bcb.gov.br/

-------------------------------
REDES SOCIAIS
--------------------------------

Instagram: https://www.instagram.com/fea.dev/

Facebook: https://www.facebook.com/fea.dev/",PLiJqHBsOKi2eJy06w4xO4mYodI033zD_H,4752,270,20, 00:10:12,Pr√© Requisito - Banco Central, 00:23:03,Tuesday,08/05/2020
9,aZuTq9yqZ1o,Introdu√ß√£o ao Python e o Anaconda,"Fala devs! Nesse v√≠deo Vamos ensinar voc√™s a instalar e entender o que √© o Python. E como instalar e utilizar o Anaconda.

Python: python.org
Anaconda: anaconda.org

--------------------------
REDES SOCIAIS
--------------------------

Instagram: https://www.instagram.com/fea.dev/

Facebook: https://www.facebook.com/fea.dev/",PLiJqHBsOKi2dW04KtHrGlyT8rvlC6TxMs,3191,279,11, 00:08:57,Pr√© Requisito - KNN, 17:33:02,Sunday,08/05/2020
10,aZuTq9yqZ1o,Introdu√ß√£o ao Python e o Anaconda,"Fala devs! Nesse v√≠deo Vamos ensinar voc√™s a instalar e entender o que √© o Python. E como instalar e utilizar o Anaconda.

Python: python.org
Anaconda: anaconda.org

--------------------------
REDES SOCIAIS
--------------------------

Instagram: https://www.instagram.com/fea.dev/

Facebook: https://www.facebook.com/fea.dev/",PLiJqHBsOKi2dW04KtHrGlyT8rvlC6TxMs,3191,279,11, 00:08:57,Pr√© Requisito - KNN, 17:33:02,Sunday,08/05/2020
11,qH1hxKeskVs,Python: Introdu√ß√£o a Numpy,"Fala devs! Nesse v√≠deo vamos introduzi-los ao b√°sico da biblioteca numpy do Python.

Numpy: https://numpy.org/install/

-------------------------------
REDES SOCIAIS
--------------------------------

Instagram: https://www.instagram.com/fea.dev/

Facebook: https://www.facebook.com/fea.dev/",PLiJqHBsOKi2dW04KtHrGlyT8rvlC6TxMs,316,33,0, 00:07:16,Pr√© Requisito - KNN, 17:24:04,Sunday,07/06/2020
12,09yuQzu7o7k,Introdu√ß√£o a Pandas - Python,"Fala devs! Nesse v√≠deo vamos introduzi-los as funcionalidades b√°sicas da biblioteca Pandas do Python.

Pandas: https://pandas.pydata.org/
-------------------------------
REDES SOCIAIS
--------------------------------

Instagram: https://www.instagram.com/fea.dev/

Facebook: https://www.facebook.com/fea.dev/",PLiJqHBsOKi2dW04KtHrGlyT8rvlC6TxMs,869,54,9, 00:14:57,Pr√© Requisito - KNN, 18:01:27,Sunday,08/05/2020
13,09yuQzu7o7k,Introdu√ß√£o a Pandas - Python,"Fala devs! Nesse v√≠deo vamos introduzi-los as funcionalidades b√°sicas da biblioteca Pandas do Python.

Pandas: https://pandas.pydata.org/
-------------------------------
REDES SOCIAIS
--------------------------------

Instagram: https://www.instagram.com/fea.dev/

Facebook: https://www.facebook.com/fea.dev/",PLiJqHBsOKi2dW04KtHrGlyT8rvlC6TxMs,869,54,9, 00:14:57,Pr√© Requisito - KNN, 18:01:27,Sunday,08/05/2020
14,R9wsYGhKXTE,Limpando Dados atrav√©s do Python,"Fala devs! Nesse v√≠deo vamos ensinar o b√°sico sobre como limpar os dados usando o Python.

Links:
Dicas de Data Cleaning: https://medium.com/data-hackers/dicas-de-data-cleaning-44d050e712bc
Documenta√ß√£o Pandas: https://devdocs.io/pandas~0.25/
C√≥digo da Extra√ß√£o de Dados do COVID-19: https://github.com/joaovae/web-scraping/blob/master/data_covid.py
-------------------------------
REDES SOCIAIS
--------------------------------

Instagram: https://www.instagram.com/fea.dev/

Facebook: https://www.facebook.com/fea.dev/",PLiJqHBsOKi2dW04KtHrGlyT8rvlC6TxMs,1177,57,2, 00:12:57,Pr√© Requisito - KNN, 17:08:55,Sunday,07/06/2020
15,y0AEZdbYWEM,Python: Introdu√ß√£o √† Biblioteca Seaborn,"Fala devs! Nesse v√≠deo vamos introduzi-los ao b√°sico da biblioteca de gr√°ficos, Seaborn, do Python.

Seaborn: https://seaborn.pydata.org/

-------------------------------
REDES SOCIAIS
--------------------------------

Instagram: https://www.instagram.com/fea.dev/

Facebook: https://www.facebook.com/fea.dev/",PLiJqHBsOKi2dW04KtHrGlyT8rvlC6TxMs,391,35,0, 00:12:01,Pr√© Requisito - KNN, 16:45:03,Sunday,07/06/2020
16,QSIvml4N59k,Introdu√ß√£o a Finan√ßas e Python,"Falaaa devs? Muito legal que voc√™ est√° aqui, esse v√≠deo √© muito importante para quem tem interesse em Finan√ßas e Programa√ß√£o. Ele √© o primeiro de uma s√©rie nova aqui no nosso canal. Espero que voc√™ goste, deixe abaixo sua d√∫vida ou coment√°rio.

Link para o GitHub com o material usado na aula:
https://github.com/fea-dev-usp/aulas_financas_quantitativas/tree/main/aulas_jupyter 

Sigam nossas redes sociais!!!
Facebook: https://www.facebook.com/fea.dev  
Instagram: https://www.instagram.com/fea.dev 
LinkedIn: https://www.linkedin.com/company/fea",PLiJqHBsOKi2cabSus1hgdSNAHeU0md6_D,4552,375,9, 00:10:59,Finan√ßas Quantitativas, 18:04:58,Wednesday,04/11/2020
17,8FjerLRybkg,Calculando Retorno com Python,"Falaaa devs? Muito legal que voc√™ est√° aqui, esse v√≠deo √© muito importante para quem tem interesse em Finan√ßas e Programa√ß√£o. Nele vamos falar sobre o conceito de retorno e como voc√™ pode calcul√°-lo usando Python. Espero que voc√™ goste, deixe abaixo sua d√∫vida ou coment√°rio.

Link para o GitHub com o material usado na aula:
https://github.com/fea-dev-usp/aulas_financas_quantitativas/tree/main/aulas_jupyter 

Sigam nossas redes sociais!!!

Facebook: https://www.facebook.com/fea.dev  
Instagram: https://www.instagram.com/fea.dev 
LinkedIn: https://www.linkedin.com/company/fea",PLiJqHBsOKi2cabSus1hgdSNAHeU0md6_D,1624,132,8, 00:14:39,Finan√ßas Quantitativas, 18:29:47,Wednesday,04/11/2020
18,O70EUgBkWAE,Calculando Risco com Python,"Falaaa devs? Muito legal que voc√™ est√° aqui, esse v√≠deo √© muito importante para quem tem interesse em Finan√ßas e Programa√ß√£o. Nele vamos falar sobre o conceito de risco e como voc√™ pode calcul√°-lo usando Python. Espero que voc√™ goste, deixe abaixo sua d√∫vida ou coment√°rio. 

Link para o GitHub com o material usado na aula:
https://github.com/fea-dev-usp/aulas_financas_quantitativas/tree/main/aulas_jupyter

Sigam nossas redes sociais!!! 

Facebook: https://www.facebook.com/fea.dev 
Instagram: https://www.instagram.com/fea.dev/ 
LinkedIn: https://www.linkedin.com/company/fea-dev/",PLiJqHBsOKi2cabSus1hgdSNAHeU0md6_D,1106,94,2, 00:08:15,Finan√ßas Quantitativas, 12:57:13,Wednesday,11/11/2020
19,l6Vw34gKF3s,Extra√ß√£o de A√ß√µes com Python,"Falaaa devs? Muito legal que voc√™ est√° aqui, esse v√≠deo √© muito importante para quem tem interesse em Finan√ßas e Programa√ß√£o. Nele vamos falar sobre extra√ß√£o de dados usando Python. Espero que voc√™ goste, deixe abaixo sua d√∫vida ou coment√°rio.
Link para o GitHub com o material usado na aula:
https://github.com/fea-dev-usp/aulas_financas_quantitativas/tree/main/aulas_jupyter
N√≥s tamb√©m temos um e-mail oficial para que voc√™ possa nos mandar d√∫vidas:
duvidas.feadev@gmail.com 
Sigam nossas redes sociais!!! 

Facebook: https://www.facebook.com/fea.dev 
Instagram: https://www.instagram.com/fea.dev/ 
LinkedIn: https://www.linkedin.com/company/fea-dev/",PLiJqHBsOKi2cabSus1hgdSNAHeU0md6_D,1138,93,6, 00:16:35,Finan√ßas Quantitativas, 11:00:42,Friday,27/11/2020
20,J9xWY711Y_8,Visualiza√ß√£o de Dados com Python (1/2),"Falaaa devs? Muito legal que voc√™ est√° aqui, esse v√≠deo √© muito importante para quem tem interesse em Finan√ßas e Programa√ß√£o. Nele vamos falar sobre visualiza√ß√£o de dados usando Python. Espero que voc√™ goste, deixe abaixo sua d√∫vida ou coment√°rio.
Link para o GitHub com o material usado na aula:
https://github.com/fea-dev-usp/aulas_financas_quantitativas/tree/main/aulas_jupyter
N√≥s tamb√©m temos um e-mail oficial para que voc√™ possa nos mandar d√∫vidas:
duvidas.feadev@gmail.com 
Sigam nossas redes sociais!!! 

Facebook: https://www.facebook.com/fea.dev 
Instagram: https://www.instagram.com/fea.dev/ 
LinkedIn: https://www.linkedin.com/company/fea-dev/",PLiJqHBsOKi2cabSus1hgdSNAHeU0md6_D,1246,75,1, 00:16:51,Finan√ßas Quantitativas, 16:39:31,Wednesday,09/12/2020
21,wcKIXhYXGI0,Visualiza√ß√£o de Dados com Python (2/2),"Falaaa devs? Muito legal que voc√™ est√° aqui, esse v√≠deo √© muito importante para quem tem interesse em Finan√ßas e Programa√ß√£o. Ele √© uma continua√ß√£o direta do nosso √∫ltimo v√≠deo ‚ÄúVisualiza√ß√£o de Dados com Python: Parte 1‚Äù. Espero que voc√™ goste, deixe abaixo sua d√∫vida ou coment√°rio.
Link para o GitHub com o material usado na aula:
https://github.com/fea-dev-usp/aulas_financas_quantitativas/tree/main/aulas_jupyter
N√≥s tamb√©m temos um e-mail oficial para que voc√™ possa nos mandar d√∫vidas:
duvidas.feadev@gmail.com 
Sigam nossas redes sociais!!! 

Facebook: https://www.facebook.com/fea.dev 
Instagram: https://www.instagram.com/fea.dev/ 
LinkedIn: https://www.linkedin.com/company/fea-dev/",PLiJqHBsOKi2cabSus1hgdSNAHeU0md6_D,505,49,1, 00:24:05,Finan√ßas Quantitativas, 17:35:33,Saturday,21/01/2021
22,_LhK6aX35IM,Calculando Drawdown com Python,"Falaaa devs, tudo certo?
Muito legal que voc√™ est√° com a gente novamente! Este √© mais um v√≠deo de extrema import√¢ncia para quem tem interesse em Finan√ßas e Programa√ß√£o. 

Esperamos que voc√™ goste, n√£o se esque√ßa de deixar abaixo sua d√∫vida ou coment√°rio.

Link do arquivo em .ipynb
ttps://drive.google.com/file/d/1bsg05_hiFq0HdWeJNTExiJf7gPUvxqf9/view?usp=sharing
Notebooks da nossa playlist de Finan√ßas Qauntitativas:
https://github.com/fea-dev-usp/aulas_...‚Äã

Sigam nossas redes sociais!!!
Facebook: https://www.facebook.com/fea.dev‚Äã  
Instagram: https://www.instagram.com/fea.dev‚Äã 
Twitter: https://twitter.com/fea_dev
LinkedIn: https://www.linkedin.com/company/fea",PLiJqHBsOKi2cabSus1hgdSNAHeU0md6_D,842,96,12, 00:12:20,Finan√ßas Quantitativas, 11:13:48,Thursday,29/04/2021
23,SZ3KNU47i_Q,Calculando Value At Risk (VaR) com Python,"Falaaa devs? Muito legal que voc√™ est√° aqui, esse v√≠deo √© muito importante para quem tem interesse em Finan√ßas e Programa√ß√£o. 

Nele vamos falar sobre o c√°lculo de Value At Risk usando Python!
Deixe abaixo sua d√∫vida ou coment√°rio!

Link para o GitHub com o material usado na aula:
https://github.com/fea-dev-usp/aulas_financas_quantitativas

Temos um e-mail oficial para que voc√™ possa entrar em contato:
contato.feadev@gmail.com

Sigam nossas redes sociais!!! 

Facebook: https://www.facebook.com/fea.dev 
Instagram: https://www.instagram.com/fea.dev/ 
LinkedIn: https://www.linkedin.com/company/feadev",PLiJqHBsOKi2cabSus1hgdSNAHeU0md6_D,591,36,5, 00:17:30,Finan√ßas Quantitativas, 15:13:53,Friday,11/03/2022
24,qPKQ6fFATQw,Como Gerar Arquivos de PDF pelo Excel com VBA,"No v√≠deo de hoje, voc√™s ir√£o aprender a como gerar arquivos de PDF pelo Excel usando VBA.

Reposit√≥rio com o c√≥digo desse v√≠deo:
https://github.com/fea-dev-usp/Gerar-pdf-com-VBA

Facebook: https://www.facebook.com/fea.dev
Twitter: https://twitter.com/fea_dev
Instagram: https://www.instagram.com/fea.dev/
Medium (publica√ß√£o de textos): https://medium.com/fea-dev
Github: https://github.com/fea-dev-usp
Para mais informa√ß√µes da FEA.dev: https://linktr.ee/fea.dev

Sobre o canal FEA dev:
A FEA.dev √© uma entidade estudantil da FEA USP, e com esse canal, temos o objetivo de trazer conte√∫dos que  conectam o mundo dos neg√≥cios ao universo da programa√ß√£o.",PLiJqHBsOKi2cwnl7b4MegqvMAVRP0zHoG,232,29,7, 00:13:28,Curso de VBA, 20:36:05,Saturday,25/07/2022
25,l3mBgu0KSDU,Como imprimir planilhas do Excel com VBA,"No v√≠deo de hoje, voc√™s ir√£o aprender a como imprimir automaticamente suas planilhas do Excel com VBA.

Reposit√≥rio com o c√≥digo:
https://github.com/EDG-SR/Gerar_PDF

Facebook: https://www.facebook.com/fea.dev
Twitter: https://twitter.com/fea_dev
Instagram: https://www.instagram.com/fea.dev/
Medium (publica√ß√£o de textos): https://medium.com/fea-dev
Github: https://github.com/fea-dev-usp
Para mais informa√ß√µes da FEA.dev: https://linktr.ee/fea.dev

Sobre o canal FEA dev:
A FEA.dev √© uma entidade estudantil da FEA USP, e com esse canal, temos o objetivo de trazer conte√∫dos que  conectam o mundo dos neg√≥cios a esse universo da programa√ß√£o.",PLiJqHBsOKi2cwnl7b4MegqvMAVRP0zHoG,187,23,6, 00:07:35,Curso de VBA, 23:20:39,Tuesday,28/09/2022
26,SSo_ksWPsBQ,Aula Magna | Curso de Python,"No v√≠deo de hoje

Facebook: https://www.facebook.com/fea.dev
Twitter: https://twitter.com/fea_dev
Instagram: https://www.instagram.com/fea.dev/
Medium (publica√ß√£o de textos): https://medium.com/fea-dev
Para mais informa√ß√µes da FEA.dev: https://linktr.ee/fea.dev

Sobre o canal FEA dev:
A FEA.dev √© uma entidade estudantil da FEA USP, e com esse canal, temos o objetivo de trazer conte√∫dos que  conectam o mundo dos neg√≥cios a esse universo da programa√ß√£o.",PLiJqHBsOKi2cnuiboIPL68Cr2x3CGqnXL,670,43,0, 01:40:42,Curso de Python - 2022, 13:59:15,Saturday,16/09/2022
27,DBDqQEgptBI,Curso de Python - Aula 1,"Fala, Devs! Beleza?

Fica por aqui no YouTube a primeira aula do nosso maravilhoso curso de Python de 2022.

A tem√°tica? Introdu√ß√£o √† L√≥gica de Programa√ß√£o

Pegue sua pipoca e se prepara para adentrar o mundo do Rick and Morty com o Max e a Alice!",PLiJqHBsOKi2cnuiboIPL68Cr2x3CGqnXL,1029,80,5, 01:07:06,Curso de Python - 2022, 13:38:51,Saturday,17/09/2022
28,W5wsd8lHZyE,Curso de Python - Aula 1 | Atribui√ß√£o e Estruturas de Vari√°veis,"No v√≠deo de hoje come√ßamos com os conceitos mais b√°sicos do python para esclarecer sobre o que s√£o vari√°veis, seus tipos e como manipular, al√©m de uma resolu√ß√£o parcial da primeira lista

Instagram: https://www.instagram.com/fea.dev/
Facebook: https://www.facebook.com/fea.dev
Twitter: https://twitter.com/fea_dev
Medium (publica√ß√£o de textos): https://medium.com/fea-dev
Para mais informa√ß√µes da FEA.dev: https://linktr.ee/fea.dev

Sobre o canal FEA dev:
A FEA.dev √© uma entidade estudantil da FEA USP, e com esse canal, temos o objetivo de trazer conte√∫dos que  conectam o mundo dos neg√≥cios a esse universo da programa√ß√£o.",PLiJqHBsOKi2cnuiboIPL68Cr2x3CGqnXL,897,50,8, 01:00:43,Curso de Python - 2022, 22:19:59,Saturday,24/09/2022
29,x3s6ecwHbxE,Curso de Python - Aula 2 | Condicionais,"No v√≠deo de hoje, na 2¬∞ aula do nosso curso de Python, vamos falar sobre estruturas condicionais: if, else e elif, booleanos, operadores l√≥gicos, de identidade e de associa√ß√£o.

Cap√≠tulos:
-Revis√£o
00:00 - In√≠cio
00:20 - Print
03:38 - Operadores Aritm√©ticos 
07:10 - Operadores de Compara√ß√£o
09:50 - Booleanos
-Condicionais
13:37 - if
17:05 - else
20:04 - elif
32:20 - Operadores L√≥gicos (is, is not) e de Associa√ß√£o (in, not in)
38:14 - Operadores de Associa√ß√£o (in, not in)

Facebook: https://www.facebook.com/fea.dev
Twitter: https://twitter.com/fea_dev
Instagram: https://www.instagram.com/fea.dev/
Medium (publica√ß√£o de textos): https://medium.com/fea-dev
Github: https://github.com/fea-dev-usp
Para mais informa√ß√µes da FEA.dev: https://linktr.ee/fea.dev


Sobre o canal FEA dev:
A FEA.dev √© uma entidade estudantil da FEA USP, e com esse canal, temos o objetivo de trazer conte√∫dos que  conectam o mundo dos neg√≥cios a esse universo da programa√ß√£o.",PLiJqHBsOKi2cnuiboIPL68Cr2x3CGqnXL,494,34,2, 00:40:14,Curso de Python - 2022, 19:56:12,Sunday,02/10/2022
30,DR9bg-UdAYw,Curso de Python - Aula 3 | Loops,"No v√≠deo de hoje, na nossa 3¬∞ aula do curso de Python, vamos falar sobre Loops: for e while.

Facebook: https://www.facebook.com/fea.dev
Twitter: https://twitter.com/fea_dev
Instagram: https://www.instagram.com/fea.dev/
Medium (publica√ß√£o de textos): https://medium.com/fea-dev
Github: https://github.com/fea-dev-usp
Para mais informa√ß√µes da FEA.dev: https://linktr.ee/fea.dev

Sobre o canal FEA dev:
A FEA.dev √© uma entidade estudantil da FEA USP, e com esse canal, temos o objetivo de trazer conte√∫dos que  conectam o mundo dos neg√≥cios a esse universo da programa√ß√£o.",PLiJqHBsOKi2cnuiboIPL68Cr2x3CGqnXL,420,34,2, 00:53:51,Curso de Python - 2022, 15:32:26,Friday,07/10/2022
31,bIcagr79Bl8,Curso de Python - Aula 4 | Fun√ß√µes,"No v√≠deo de hoje, na aula 4 do curso de Python, vamos falar sobre as fun√ß√µes.

Facebook: https://www.facebook.com/fea.dev
Twitter: https://twitter.com/fea_dev
Instagram: https://www.instagram.com/fea.dev/
Medium (publica√ß√£o de textos): https://medium.com/fea-dev
Github: https://github.com/fea-dev-usp
Para mais informa√ß√µes da FEA.dev: https://linktr.ee/fea.dev

Sobre o canal FEA dev:
A FEA.dev √© uma entidade estudantil da FEA USP, e com esse canal, temos o objetivo de trazer conte√∫dos que  conectam o mundo dos neg√≥cios a esse universo da programa√ß√£o.",PLiJqHBsOKi2cnuiboIPL68Cr2x3CGqnXL,359,31,1, 00:33:39,Curso de Python - 2022, 16:29:32,Friday,14/10/2022
32,s76nawflNbk,Curso de Python - Aula 5 | In√≠cio An√°lise de Dados - Numpy,"No v√≠deo de hoje, na 5¬∞ aula do nosso curso de Python, vamos falar sobre a biblioteca Numpy.

Facebook: https://www.facebook.com/fea.dev
Twitter: https://twitter.com/fea_dev
Instagram: https://www.instagram.com/fea.dev/
Medium (publica√ß√£o de textos): https://medium.com/fea-dev
Github: https://github.com/fea-dev-usp
Para mais informa√ß√µes da FEA.dev: https://linktr.ee/fea.dev

Sobre o canal FEA dev:
A FEA.dev √© uma entidade estudantil da FEA USP, e com esse canal, temos o objetivo de trazer conte√∫dos que  conectam o mundo dos neg√≥cios a esse universo da programa√ß√£o.",PLiJqHBsOKi2cnuiboIPL68Cr2x3CGqnXL,427,28,2, 00:38:04,Curso de Python - 2022, 21:00:52,Saturday,22/10/2022
33,7x1EJIRllvM,Curso de Python - Aula 6 | Pandas (parte 1),"No v√≠deo de hoje, vamos come√ßar a falar sobre a biblioteca Pandas.

Facebook: https://www.facebook.com/fea.dev
Twitter: https://twitter.com/fea_dev
Instagram: https://www.instagram.com/fea.dev/
Github: https://github.com/fea-dev-usp
Medium (publica√ß√£o de textos): https://medium.com/fea-dev
Para mais informa√ß√µes da FEA.dev: https://linktr.ee/fea.dev

Sobre o canal FEA dev:
A FEA.dev √© uma entidade estudantil da FEA USP, e com esse canal, temos o objetivo de trazer conte√∫dos que  conectam o mundo dos neg√≥cios a esse universo da programa√ß√£o.",PLiJqHBsOKi2cnuiboIPL68Cr2x3CGqnXL,407,31,1, 00:23:47,Curso de Python - 2022, 17:33:38,Friday,28/10/2022
34,gqHdbYCoZPw,Curso de Python - Aula 7 | Pandas (parte 2),"No v√≠deo de hoje, vamos come√ßar a falar um pouco mais sobre a biblioteca Pandas.

V√≠deo citado: https://www.youtube.com/watch?v=8FjerLRybkg&t=5s

Facebook: https://www.facebook.com/fea.dev
Twitter: https://twitter.com/fea_dev
Instagram: https://www.instagram.com/fea.dev/
Medium (publica√ß√£o de textos): https://medium.com/fea-dev
Para mais informa√ß√µes da FEA.dev: https://linktr.ee/fea.dev

Sobre o canal FEA dev:
A FEA.dev √© uma entidade estudantil da FEA USP, e com esse canal, temos o objetivo de trazer conte√∫dos que  conectam o mundo dos neg√≥cios a esse universo da programa√ß√£o.",PLiJqHBsOKi2cnuiboIPL68Cr2x3CGqnXL,418,23,0, 01:03:04,Curso de Python - 2022, 17:58:41,Friday,04/11/2022
35,5YMaoXC4gJI,Curso de Python - Aula 8 | Visualiza√ß√£o de dados,"No v√≠deo de hoje, vamos come√ßar a falar um pouco mais sobre visualiza√ß√£o de dados no Python.

Facebook: https://www.facebook.com/fea.dev
Twitter: https://twitter.com/fea_dev
Instagram: https://www.instagram.com/fea.dev/
Medium (publica√ß√£o de textos): https://medium.com/fea-dev
Para mais informa√ß√µes da FEA.dev: https://linktr.ee/fea.dev

Sobre o canal FEA dev:
A FEA.dev √© uma entidade estudantil da FEA USP, e com esse canal, temos o objetivo de trazer conte√∫dos que  conectam o mundo dos neg√≥cios a esse universo da programa√ß√£o.",PLiJqHBsOKi2cnuiboIPL68Cr2x3CGqnXL,271,22,0, 01:00:09,Curso de Python - 2022, 20:05:21,Friday,11/11/2022
36,HeNDUKkwUU4,Instalando Python e VSCode + Lendo primeiro .csv,"No v√≠deo de hoje vamos ensinar de forma f√°cil e r√°pido como instalar python, vscode, nosso primeiro programa e de b√¥nus como ler um arquivo .csv

V√≠deo gravado pelo orgulhoso membro Kevyn A. Marcelino: https://www.linkedin.com/in/kevyn-a-marcelino/

Facebook: https://www.facebook.com/fea.dev
Twitter: https://twitter.com/fea_dev
Instagram: https://www.instagram.com/fea.dev/
Medium (publica√ß√£o de textos): https://medium.com/fea-dev
Para mais informa√ß√µes da FEA.dev: https://linktr.ee/fea.dev

Sobre o canal FEA dev:
A FEA.dev √© uma entidade estudantil da FEA USP, e com esse canal, temos o objetivo de trazer conte√∫dos que  conectam o mundo dos neg√≥cios a esse universo da programa√ß√£o.",PLiJqHBsOKi2djO6U2Dne09tyFXYx5OExV,133,22,8, 00:06:52,VSCode, 00:13:00,Thursday,13/01/2023
37,g3SQm9I3ZUc,Criando Github do ZERO + Conta Pro Gratuita,"No v√≠deo de hoje ensinaremos como criar uma conta do github de forma f√°cil, al√©m de obter as funcionalidade PRO usando o email USP,  atrav√©s do GitHub Student Developer Pack

V√≠deo feito pela integrante do Fea.Dev - Maria Raquel: https://www.linkedin.com/in/maria-raquel-de-carvalho-barbosa/

Links √öteis:
Site github - https://github.com/
Student Pack - https://education.github.com/pack

Facebook: https://www.facebook.com/fea.dev
Twitter: https://twitter.com/fea_dev
Instagram: https://www.instagram.com/fea.dev/
Medium (publica√ß√£o de textos): https://medium.com/fea-dev
Para mais informa√ß√µes da FEA.dev: https://linktr.ee/fea.dev

Sobre o canal FEA dev:
A FEA.dev √© uma entidade estudantil da FEA USP, e com esse canal, temos o objetivo de trazer conte√∫dos que  conectam o mundo dos neg√≥cios a esse universo da programa√ß√£o.",PLiJqHBsOKi2f4lIer2WWTCQYeRDrYuyK8,158,15,8, 00:05:59,GitHub, 10:52:50,Sunday,26/01/2023
38,iVr0MEGOOac,Um bate-papo com Evelyn Mendes: Desenvolvedora e Mulher Trans,"No dia 23/06, Evelyn Mendes, mulher transexual e profissional da √°rea de TI desde 2002, nos trouxe discuss√µes referentes tanto ao seu trabalho, quanto √† sua experi√™ncia como parte da comunidade LGBT. Na entrevista, Evelyn conta sobre toda sua trajet√≥ria, desde seu interesse pela tecnologia que despertou sua vontade por programar, at√© seu aprendizado, as diferen√ßas entre o presente e o passado na programa√ß√£o e sua vida no mercado de trabalho. Ademais, Evelyn discute sobre intoler√¢ncia e preconceito. Hoje, dia 30/06, ao final do m√™s LGBT, trazemos a entrevista para lembrar que todo dia √© dia de celebrar as diversidades e n√£o apenas isso: todo dia √© dia de ouvir, compartilhar e aprender com novas ideias!

Confira nossos outros canais de comunica√ß√£o:
https://linktr.ee/fea.dev",PLiJqHBsOKi2dxcFmKoVkZYynUuSBud9Gz,208,16,1, 00:59:17,Lives, 10:56:36,Sunday,30/06/2021
39,Pp89moeNgBo,Apresenta√ß√£o Institucional 16/04/2021,"Apresenta√ß√£o Institucional da entidade FEA.dev, ministrada no dia 16 de abril de 2021 durante a Semana de Recep√ß√£o dos Calouros da FEA.",PLiJqHBsOKi2dxcFmKoVkZYynUuSBud9Gz,234,25,1, 00:53:28,Lives, 10:59:47,Sunday,17/04/2021
40,UFwe7uSn2Mg,Live Institucional (PS 2020.2),,PLiJqHBsOKi2dxcFmKoVkZYynUuSBud9Gz,259,25,0, 01:12:02,Lives, 11:00:39,Sunday,18/07/2020
41,xL2RK0QYtHc,Machine Learning usando Python - modelo KNN (AULA PR√ÅTICA),"Fala devs! Nesse v√≠deo vamos ensin√°-los a como aplicar um  modelo de machine learning chamado K-Nearest Neighbors.

Link para download do c√≥digo e base de dados: https://github.com/fea-dev-usp/ai-ws01-knn
(Basta clicar no bot√£o verde ""Clone or Download"" e baixar como arquivo .zip)

Para acompanhar melhor o v√≠deo recomendamos que assistam a nossa playlist de pr√©-requisitos: https://www.youtube.com/playlist?list=PLiJqHBsOKi2dW04KtHrGlyT8rvlC6TxMs

-------------------------------
REDES SOCIAIS
--------------------------------

Instagram: https://www.instagram.com/fea.dev/

Facebook: https://www.facebook.com/fea.dev/",PLiJqHBsOKi2dxcFmKoVkZYynUuSBud9Gz,3511,166,7, 00:41:22,Lives, 11:01:27,Sunday,22/06/2020
42,XAnEp13FlQM,As inscri√ß√µes para o processo seletivo ser√£o abertas para toda a #USP a partir de 08/03! üíõüñ§ #shorts,,PLiJqHBsOKi2etkQr4Bq-BRHU6VGnOQ1TN,269,13,4, 00:00:54,Shorts, 11:03:58,Sunday,24/02/2023
43,fCbaUv302ZA,Quer #programar usando estat√≠sticas da #nba üëâüèÄ? Hoje falaremos sobre a biblioteca NBAFlow! #shorts,,PLiJqHBsOKi2etkQr4Bq-BRHU6VGnOQ1TN,42,9,0, 00:01:00,Shorts, 11:04:20,Sunday,22/02/2023
44,dPb4acFiaYs,COMO UTILIZAR O JUPYTER NOTEBOOK?,"Falaaa devs? Muito legal que voc√™ est√° aqui, esse v√≠deo √© muito importante para quem quer aprender ou se aprofundar na programa√ß√£o, hoje em dia muitas aulas e pequenos projetos s√£o feitos no jupyter notebook pela facilidade da plataforma. Espero que voc√™ goste, deixe abaixo sua d√∫vida ou coment√°rio.

Facebook: https://www.facebook.com/fea.dev
Instagram: https://www.instagram.com/fea.dev
linkedln: https://www.linkedin.com/company/fea-dev/",PLiJqHBsOKi2fnutOi1JOi4-5Dl7Jmfsl-,22953,1266,37, 00:06:52,Jupyter Notebook, 11:06:31,Sunday,01/10/2020
